Id;FechaHora;UsuarioAdmin;Accion;Modulo;UsuarioAfectado;Resultado;Detalles;DetallesEnc;PrevHash;Hash;Signature;KeyVersion;KeyVersionEnc;Rol;Area;SesionId;Equipo;VersionApp
1;2026-08-16 21:12:06;admin;Login correcto;Login;admin;OK;;;;;;;;;;;;
2;2026-08-16 21:13:30;admin;Login correcto;Login;admin;OK;;;;;;;;;;;;
3;2026-08-16 21:18:43;admin;Login fallido - contraseña incorrecta;Login;admin;ERROR;;;;;;;;;;;;
4;2026-08-16 21:18:51;admin;Login correcto;Login;admin;OK;;;;;;;;;;;;
5;2026-08-16 21:24:39;admin;Login correcto;Login;admin;OK;;;;;;;;;;;;
6;2026-08-16 21:52:01;admin;Login correcto;Login;admin;OK;;;;;;;;;;;;
7;2026-08-17 02:03:17;admin;Login correcto;Login;admin;OK;;;;;;;;;;;;
8;2026-08-17 02:23:28;admin;Login correcto;Login;admin;OK;;;;;;;;;;;;
9;2026-08-17 21:38:02;admin;Login correcto;Login;admin;OK;;;;;;;;;;;;
10;2026-08-17 21:45:31;admin;Login correcto;Login;admin;OK;;;;;;;;;;;;
11;2026-08-17 22:36:28;admin;Login correcto;Login;admin;OK;;;;;;;;;;;;
12;2026-08-17 22:40:53;admin;Login correcto;Login;admin;OK;;;;;;;;;;;;
13;2026-08-17 22:44:40;admin;Login correcto;Login;admin;OK;;;;;;;;;;;;
14;2026-08-17 22:45:34;admin;Login correcto;Login;admin;OK;;;;;;;;;;;;
15;2026-08-17 23:01:08;admin;Login correcto;Login;admin;OK;;;;;;;;;;;;
16;2026-08-18 00:55:01;admin;Login correcto;Login;admin;OK;;;;;;;;;;;;
17;2026-08-18 01:01:44;admin;Login correcto;Login;admin;OK;;;;;;;;;;;;
18;2026-08-18 01:05:10;admin;Login correcto;Login;admin;OK;;;;;;;;;;;;
19;2026-08-18 01:14:16;admin;Login correcto;Login;admin;OK;;;;;;;;;;;;
20;2026-08-18 01:22:18;admin;Login correcto;Login;admin;OK;;;;;;;;;;;;
21;2026-08-18 01:26:28;admin;Login correcto;Login;admin;OK;;;;;;;;;;;;
22;2026-08-18 18:22:42;admin;Login correcto;Login;admin;OK;;;;;;;;;;;;
23;2026-08-18 18:28:32;admin;Login correcto;Login;admin;OK;;;;;;;;;;;;
24;2026-08-18 18:31:53;admin;Login correcto;Login;admin;OK;;;;;;;;;;;;
25;2026-08-18 18:36:37;admin;Login correcto;Login;admin;OK;;;;;;;;;;;;
26;2026-08-18 18:51:46;admin;Login correcto;Login;admin;OK;;;;;;;;;;;;
27;2026-08-18 18:55:16;admin;Login correcto;Login;admin;OK;;;;;;;;;;;;
28;2026-08-18 18:57:39;admin;Login correcto;Login;admin;OK;;;;;;;;;;;;
29;2026-08-18 19:00:44;admin;Login correcto;Login;admin;OK;;;;;;;;;;;;
30;2026-08-18 19:02:38;admin;Login correcto;Login;admin;OK;;;;;;;;;;;;
31;2026-08-18 19:03:15;admin;Login correcto;Login;admin;OK;;;;;;;;;;;;
32;2026-08-18 19:52:25;admin;Login correcto;Login;admin;OK;;;;;;;;;;;;
33;2026-08-18 19:53:52;admin;Login correcto;Login;admin;OK;;;;;;;;;;;;
34;2026-08-18 19:54:57;admin;Login correcto;Login;admin;OK;;;;;;;;;;;;
35;2026-08-18 19:58:08;admin;Login correcto;Login;admin;OK;;;;;;;;;;;;
36;2026-08-18 20:04:28;admin;Login correcto;Login;admin;OK;;;;;;;;;;;;
37;2026-08-18 20:17:43;admin;Login correcto;Login;admin;OK;;;;;;;;;;;;
38;2026-08-19 12:48:52;admin;Login correcto;Login;admin;OK;;;;;;;;;;;;
39;2026-08-19 18:06:23.2376484;admin;Login fallido - contraseña incorrecta;Login;admin;ERROR;;;;;;;;;;;;
40;2026-08-19 18:06:25.1483902;admin;Login fallido - contraseña incorrecta;Login;admin;ERROR;;;;;;;;;;;;
41;2026-08-19 18:06:37.5242787;admin;Login fallido - contraseña incorrecta;Login;admin;ERROR;;;;;;;;;;;;
42;2026-08-19 18:06:38.0821597;admin;Login fallido - contraseña incorrecta;Login;admin;ERROR;;;;;;;;;;;;
43;2026-08-19 18:06:38.2897327;admin;Login fallido - contraseña incorrecta;Login;admin;ERROR;;;;;;;;;;;;
44;2026-08-19 18:55:49.8678167;admin;Login fallido - contraseña incorrecta;Login;admin;ERROR;;;;;;;;;;;;
45;2026-08-19 21:41:03.2009285;admin;Login fallido - contraseña incorrecta;Login;admin;ERROR;;;;;;;;;;;;
46;2026-08-19 21:41:05.3668124;admin;Login fallido - contraseña incorrecta;Login;admin;ERROR;;;;;;;;;;;;
47;2026-08-19 21:57:46.7889512;admin;Login fallido - contraseña incorrecta;Login;admin;ERROR;;;;;;;;;;;;
48;2026-08-19 21:58:34.9592421;admin;Login fallido - contraseña incorrecta;Login;admin;ERROR;;;;;;;;;;;;
49;2026-08-19 21:58:36.4408255;admin;Login fallido - contraseña incorrecta;Login;admin;ERROR;;;;;;;;;;;;
50;2026-08-19 21:58:50.4253994;admin;Login fallido - contraseña incorrecta;Login;admin;ERROR;;;;;;;;;;;;
51;2026-08-19 22:08:32.0351575;admin;Login fallido - contraseña incorrecta;Login;admin;ERROR;;;;;;;;;;;;
52;2026-08-19 22:08:34.0426589;admin;Login fallido - contraseña incorrecta;Login;admin;ERROR;;;;;;;;;;;;
53;2026-08-19 22:09:02.1708855;admin;Login fallido - contraseña incorrecta;Login;admin;ERROR;;;;;;;;;;;;
54;2026-08-19 22:09:04.1100313;admin;Login fallido - contraseña incorrecta;Login;admin;ERROR;;;;;;;;;;;;
55;2026-08-19 22:29:01.7901605;admin;Login correcto;Login;admin;OK;;;;;;;;;;;;
56;2026-08-20 01:00:01.9529119;admin;Login correcto;Login;admin;OK;;;;;;;;;;;;
57;2026-08-20 01:01:29.6528369;admin;Login correcto;Login;admin;OK;;;;;;;;;;;;
58;2026-08-20 01:01:49.8869244;admin;Login fallido - contraseña incorrecta;Login;admin;ERROR;;;;;;;;;;;;
59;2026-08-20 01:01:50.8728716;admin;Login fallido - contraseña incorrecta;Login;admin;ERROR;;;;;;;;;;;;
60;2026-08-20 01:01:51.3780054;admin;Login fallido - contraseña incorrecta;Login;admin;ERROR;;;;;;;;;;;;
61;2026-08-20 01:01:51.5745681;admin;Login fallido - contraseña incorrecta;Login;admin;ERROR;;;;;;;;;;;;
62;2026-08-20 01:01:51.7535312;admin;Login fallido - contraseña incorrecta;Login;admin;ERROR;;;;;;;;;;;;
63;2026-08-20 01:11:00.7202971;admin;Login correcto;Login;admin;OK;;;;;;;;;;;;
64;2026-08-20 01:11:36.8002643;admin;Restablecer contraseña;Usuarios;admin;OK;;;;;;;;;;;;
65;2026-08-20 01:13:06.9491202;admin;Login fallido - contraseña incorrecta;Login;admin;ERROR;;;;;;;;;;;;
66;2026-08-20 01:13:08.6589445;admin;Login fallido - contraseña incorrecta;Login;admin;ERROR;;;;;;;;;;;;
67;2026-08-20 01:13:24.1874963;admin;Login fallido - contraseña incorrecta;Login;admin;ERROR;;;;;;;;;;;;
68;2026-08-20 01:13:42.4560105;admin;Login correcto;Login;admin;OK;;;;;;;;;;;;
69;2026-08-20 01:21:08.7889053;admin;Login fallido - contraseña incorrecta;Login;admin;ERROR;;;;;;;;;;;;
70;2026-08-20 01:21:10.6688182;admin;Login fallido - contraseña incorrecta;Login;admin;ERROR;;;;;;;;;;;;
71;2026-08-20 01:23:00.3106954;admin;Login correcto;Login;admin;OK;;;;;;;;;;;;
72;2026-08-20 01:23:34.3905974;admin;Restablecer contraseña;Usuarios;admin;OK;;;;;;;;;;;;
73;2026-08-20 01:24:30.6517671;admin;Login fallido - contraseña incorrecta;Login;admin;ERROR;;;;;;;;;;;;
74;2026-08-20 01:24:32.2688582;admin;Login fallido - contraseña incorrecta;Login;admin;ERROR;;;;;;;;;;;;
75;2026-08-20 01:24:38.525848;admin;Login fallido - contraseña incorrecta;Login;admin;ERROR;;;;;;;;;;;;
76;2026-08-20 01:24:39.5151842;admin;Login fallido - contraseña incorrecta;Login;admin;ERROR;;;;;;;;;;;;
77;2026-08-20 01:24:51.6462536;admin;Login fallido - contraseña incorrecta;Login;admin;ERROR;;;;;;;;;;;;
78;2026-08-20 01:24:57.5837102;admin;Login fallido - contraseña incorrecta;Login;admin;ERROR;;;;;;;;;;;;
79;2026-08-20 01:24:57.9605087;admin;Login fallido - contraseña incorrecta;Login;admin;ERROR;;;;;;;;;;;;
80;2026-08-20 01:25:09.6908053;admin;Login fallido - contraseña incorrecta;Login;admin;ERROR;;;;;;;;;;;;
81;2026-08-20 01:25:10.110367;admin;Login fallido - contraseña incorrecta;Login;admin;ERROR;;;;;;;;;;;;
82;2026-08-20 01:25:10.3276332;admin;Login fallido - contraseña incorrecta;Login;admin;ERROR;;;;;;;;;;;;
83;2026-08-20 01:26:39.6434923;admin;Login correcto;Login;admin;OK;;;;;;;;;;;;
84;2026-08-20 01:28:30.1370572;admin;Login correcto;Login;admin;OK;;;;;;;;;;;;
85;2026-08-20 01:29:07.564741;admin;Restablecer contraseña;Usuarios;admin;OK;;;;;;;;;;;;
86;2026-08-20 01:30:09.9838908;admin;Login correcto;Login;admin;OK;;;;;;;;;;;;
87;2026-08-20 01:32:01.7982324;admin;Login correcto;Login;admin;OK;;;;;;;;;;;;
88;2026-08-20 01:37:03.0171163;admin;Login correcto;Login;admin;OK;;;;;;;;;;;;
89;2026-08-20 20:34:06.3080128;admin;Login correcto;Login;admin;OK;;;;;;;;;;;;
90;2026-08-20 20:47:51.7975542;admin;Login correcto;Login;admin;OK;;;;;;;;;;;;
91;2026-08-20 20:58:22.2083061;admin;Login correcto;Login;admin;OK;;;;;;;;;;;;
92;2026-08-20 20:59:23.1253733;admin;Login correcto;Login;admin;OK;;;;;;;;;;;;
93;2026-08-20 21:03:47.3218392;admin;Login correcto;Login;admin;OK;;;;;;;;;;;;
94;2026-08-20 23:17:25.3219052;admin;Login correcto;Login;admin;OK;;;;;;;;;;;;
95;2026-08-20 23:28:13.4163302;admin;Login correcto;Login;admin;OK;;;;;;;;;;;;
96;2026-08-20 23:42:38.6410719;admin;Login correcto;Login;admin;OK;;;;;;;;;;;;
97;2026-08-21 00:47:51.2872858;admin;Login correcto;Login;admin;OK;;;;;;;;;;;;
98;2026-08-21 00:49:26.041284;admin;Login correcto;Login;admin;OK;;;;;;;;;;;;
99;2026-08-21 00:55:50.6896306;admin;Login correcto;Login;admin;OK;;;;;;;;;;;;
100;2026-08-21 01:22:21.5606252;admin;Login correcto;Login;admin;OK;;;;;;;;;;;;
101;2026-08-21 01:34:06.0568493;admin;Login correcto;Login;admin;OK;;;;;;;;;;;;
102;2026-08-21 01:40:14.5256766;admin;Login correcto;Login;admin;OK;;;;;;;;;;;;
103;2026-08-21 01:41:37.4947011;admin;Login correcto;Login;admin;OK;;;;;;;;;;;;
104;2026-08-21T17:49:01.5640463+02:00;admin;Login correcto;Login;admin;OK;;;;;;;;;;;;
105;2026-08-21T17:54:26.6975290+02:00;admin;Login correcto;Login;admin;OK;;;;;;;;;;;;
106;2026-08-21T17:54:57.4684782+02:00;admin;Login correcto;Login;admin;OK;;;;;;;;;;;;
107;2026-08-21T17:59:56.3977368+02:00;admin;Login correcto;Login;admin;OK;;;;;;;;;;;;
108;2026-08-21T18:16:54.7679392+02:00;admin;Login correcto;Login;admin;OK;;;;;;;;;;;;
109;2026-08-21T18:19:09.5169085+02:00;admin;Login correcto;Login;admin;OK;;;;;;;;;;;;
110;2026-08-21T18:25:12.4667191+02:00;Desconocido;Login fallido - usuario no existe;Login;ADMIN;ERROR;;;;;;;;;;;;
111;2026-08-21T18:25:15.3350667+02:00;Desconocido;Login fallido - usuario no existe;Login;ADMIN;ERROR;;;;;;;;;;;;
112;2026-08-21T18:25:48.0705595+02:00;admin;Login correcto;Login;admin;OK;;;;;;;;;;;;
113;2026-08-21T19:33:42.3372052+02:00;admin;Login correcto;Login;admin;OK;;;;;;;;;;;;
114;2026-08-21T19:35:11.9726689+02:00;admin;Login correcto;Login;admin;OK;;;;;;;;;;;;
115;2026-08-21T20:19:39.9373269+02:00;admin;Login correcto;Login;admin;OK;;;;;;;;;;;;
116;2026-08-21T20:31:21.0779167+02:00;admin;Login correcto;Login;admin;OK;;;;;;;;;;;;
117;2026-08-21T20:43:03.5360515+02:00;admin;Login correcto;Login;admin;OK;;;;;;;;;;;;
118;2026-08-21T21:00:24.1029686+02:00;admin;Login correcto;Login;admin;OK;;;;;;;;;;;;
119;2026-08-21T21:14:27.6213826+02:00;admin;Login correcto;Login;admin;OK;;;;;;;;;;;;
120;2026-08-21T21:20:15.8537000+02:00;admin;Login correcto;Login;admin;OK;;;;;;;;;;;;
121;2026-08-21T21:35:25.2066060+02:00;admin;Login correcto;Login;admin;OK;;;;;;;;;;;;
122;2026-08-21T22:35:53.3855410+02:00;admin;Login correcto;Login;admin;OK;;;;;;;;;;;;
123;2026-08-21T22:43:30.9438833+02:00;admin;Login correcto;Login;admin;OK;;;;;;;;;;;;
124;2026-08-21T22:53:27.9004264+02:00;admin;Login correcto;Login;admin;OK;;;;;;;;;;;;
125;2026-08-21T23:04:16.0519996+02:00;admin;Login correcto;Login;admin;OK;;;;;;;;;;;;
126;2026-08-21T23:10:20.2947254+02:00;admin;Login correcto;Login;admin;OK;;;;;;;;;;;;
127;2026-08-22T01:51:00.1305924+02:00;admin;Login correcto;Login;admin;OK;;;;;;;;;;;;
128;2026-08-22T02:08:10.2453755+02:00;admin;Login correcto;Login;admin;OK;;;;;;;;;;;;
129;2026-08-22T02:23:27.1652350+02:00;admin;Login fallido - contraseña incorrecta;Login;admin;ERROR;;;;;;;;;;;;
130;2026-08-22T02:23:35.5358225+02:00;admin;Login correcto;Login;admin;OK;;;;;;;;;;;;
131;2026-08-22T02:26:33.2700637+02:00;admin;Login correcto;Login;admin;OK;;;;;;;;;;;;
132;2026-08-22T02:28:39.4165449+02:00;admin;Login correcto;Login;admin;OK;;;;;;;;;;;;
133;2026-08-22T02:37:07.3434034+02:00;admin;Login correcto;Login;admin;OK;;;;;;;;;;;;
134;2026-08-22T18:32:35.0393509+02:00;admin;Login correcto;Login;admin;OK;;;;;;;;;;;;
135;2026-08-22T22:28:10.6188297+02:00;admin;Login correcto;Login;admin;OK;;;;;;;;;;;;
136;2026-08-22T22:29:02.7211861+02:00;admin;Login correcto;Login;admin;OK;;;;;;;;;;;;
137;2026-08-22T22:34:49.4201293+02:00;admin;Login fallido - contraseña incorrecta;Login;admin;ERROR;;;;;;;;;;;;
138;2026-08-22T22:35:01.1970971+02:00;admin;Login fallido - contraseña incorrecta;Login;admin;ERROR;;;;;;;;;;;;
139;2026-08-22T22:35:07.0614721+02:00;admin;Login fallido - contraseña incorrecta;Login;admin;ERROR;;;;;;;;;;;;
140;2026-08-22T22:35:08.7155066+02:00;admin;Login fallido - contraseña incorrecta;Login;admin;ERROR;;;;;;;;;;;;
141;2026-08-22T22:35:26.6502483+02:00;admin;Login fallido - contraseña incorrecta;Login;admin;ERROR;;;;;;;;;;;;
142;2026-08-22T22:35:48.6985088+02:00;admin;Login correcto;Login;admin;OK;;;;;;;;;;;;
143;2026-08-22T22:47:47.9310852+02:00;admin;Login correcto;Login;admin;OK;;;;;;;;;;;;
144;2026-08-22T23:04:42.1019466+02:00;admin;Login correcto;Login;admin;OK;;;;;;;;;;;;
145;2026-08-23T20:43:02.1198579+02:00;admin;Login correcto;Login;admin;OK;;;;;;;;;;;;
146;2026-08-23T21:48:31.7827950+02:00;admin;Login correcto;Login;admin;OK;;;;;;;;;;;;
147;2026-08-23T21:55:01.0376560+02:00;admin;Login correcto;Login;admin;OK;;;;;;;;;;;;
148;2026-08-23T22:08:09.3319489+02:00;admin;Login correcto;Login;admin;OK;;;;;;;;;;;;
149;2026-08-23T22:14:15.5495063+02:00;admin;Login correcto;Login;admin;OK;;;;;;;;;;;;
150;2026-08-23T22:23:27.4489301+02:00;admin;Login correcto;Login;admin;OK;;;;;;;;;;;;
151;2026-08-24T00:45:29.3119465+02:00;admin;Login correcto;Login;admin;OK;;;;;;;;;;;;
152;2026-08-24T00:57:30.4781787+02:00;admin;Login correcto;Login;admin;OK;;;;;;;;;;;;
153;2026-08-24T20:32:43.1918851+02:00;admin;Login correcto;Login;admin;OK;;;;;;;;;;;;
154;2026-08-24T20:43:25.3664460+02:00;admin;Login correcto;Login;admin;OK;;;;;;;;;;;;
155;2026-08-24T20:45:04.5527541+02:00;admin;Login correcto;Login;admin;OK;;;;;;;;;;;;
156;2026-08-24T20:46:07.9494363+02:00;admin;Login correcto;Login;admin;OK;;;;;;;;;;;;
157;2026-08-24T20:53:11.0326211+02:00;admin;Login correcto;Login;admin;OK;;;;;;;;;;;;
158;2026-08-24T20:53:52.4149392+02:00;admin;Login correcto;Login;admin;OK;;;;;;;;;;;;
159;2026-08-24T20:56:59.3740813+02:00;admin;Login correcto;Login;admin;OK;;;;;;;;;;;;
160;2026-08-24T21:18:20.8145393+02:00;admin;Login correcto;Login;admin;OK;;;;;;;;;;;;
161;2026-08-24T22:05:03.9224439+02:00;admin;Login correcto;Login;admin;OK;;;;;;;;;;;;
162;2026-08-24T22:09:46.7750017+02:00;admin;Login correcto;Login;admin;OK;;;;;;;;;;;;
163;2026-08-24T22:34:27.7046545+02:00;admin;Login correcto;Login;admin;OK;;;;;;;;;;;;
164;2026-08-24T22:40:38.8648126+02:00;admin;Login correcto;Login;admin;OK;;;;;;;;;;;;
165;2026-08-24T22:47:35.4259360+02:00;admin;Login correcto;Login;admin;OK;;;;;;;;;;;;
166;2026-08-25T01:16:19.2885460+02:00;admin;Login correcto;Login;admin;OK;;;;;;;;;;;;
167;2026-08-25T01:25:57.4647711+02:00;admin;Login correcto;Login;admin;OK;;;;;;;;;;;;
168;2026-08-25T01:28:34.7691462+02:00;admin;Login correcto;Login;admin;OK;;;;;;;;;;;;
169;2026-08-25T01:35:39.2173121+02:00;admin;Login correcto;Login;admin;OK;;;;;;;;;;;;
170;2026-08-25T01:38:37.9758410+02:00;admin;Login correcto;Login;admin;OK;;;;;;;;;;;;
171;2026-08-25T01:41:12.6180795+02:00;admin;Login correcto;Login;admin;OK;;;;;;;;;;;;
172;2026-08-25T02:06:27.7916086+02:00;admin;Login correcto;Login;admin;OK;;;;;;;;;;;;
173;2026-08-25T02:23:03.2044512+02:00;admin;Login correcto;Login;admin;OK;;;;;;;;;;;;
174;2026-08-25T13:05:19.8072608+02:00;admin;Login correcto;Login;admin;OK;;;;;;;;;;;;
175;2026-08-25T13:41:48.9132357+02:00;admin;Login correcto;Login;admin;OK;;;;;;;;;;;;
176;2026-08-25T17:18:50.2777526+02:00;admin;Login correcto;Login;admin;OK;;;;;;;;;;;;
177;2026-08-25T18:23:23.8970936+02:00;admin;Login correcto;Login;admin;OK;;;;;;;;;;;;
178;2026-08-25T18:30:54.4471628+02:00;admin;Login correcto;Login;admin;OK;;;;;;;;;;;;
179;2026-08-25T19:13:34.8574423+02:00;admin;Login correcto;Login;admin;OK;;;;;;;;;;;;
180;2026-08-25T21:20:54.9560155+02:00;admin;Login correcto;Login;admin;OK;;;;;;;;;;;;
181;2026-08-25T21:28:59.0167442+02:00;admin;Login correcto;Login;admin;OK;;;;;;;;;;;;
182;2026-08-25T22:52:40.2133399+02:00;admin;Login correcto;Login;admin;OK;;;;;;;;;;;;
183;2026-08-26T00:16:35.7420961+02:00;admin;Login correcto;Login;admin;OK;;;;;;;;;;;;
184;2026-08-26T01:01:01.5194883+02:00;admin;Login correcto;Login;admin;OK;;;;;;;;;;;;
185;2026-08-26T01:17:11.4794538+02:00;admin;Login correcto;Login;admin;OK;;;;;;;;;;;;
186;2026-08-26T20:40:08.8074722+02:00;admin;Login correcto;Login;admin;OK;;;;;;;;;;;;
187;2026-08-26T20:49:06.8630065+02:00;admin;Login correcto;Login;admin;OK;;;;;;;;;;;;
188;2026-08-26T20:53:40.7968400+02:00;admin;Login correcto;Login;admin;OK;;;;;;;;;;;;
189;2026-08-26T20:56:58.0817234+02:00;recepcion;Login fallido - contraseña incorrecta;Login;recepcion;ERROR;;;;;;;;;;;;
190;2026-08-26T20:57:08.7792653+02:00;recepcion;Login fallido - contraseña incorrecta;Login;recepcion;ERROR;;;;;;;;;;;;
191;2026-08-26T20:57:19.7224445+02:00;recepcion;Login fallido - contraseña incorrecta;Login;recepcion;ERROR;;;;;;;;;;;;
192;2026-08-26T20:57:35.1848240+02:00;recepcion;Login fallido - contraseña incorrecta;Login;recepcion;ERROR;;;;;;;;;;;;
193;2026-08-26T20:58:18.7275860+02:00;recepcion;Login correcto;Login;recepcion;OK;;;;;;;;;;;;
194;2026-08-26T21:08:19.3811184+02:00;admin;Login correcto;Login;Administración;OK;;;;;;;;;;;;
195;2026-08-26T21:10:08.4353152+02:00;recepcion;Login correcto;Login;Recepción;OK;;;;;;;;;;;;
196;2026-08-26T21:42:40.2535461+02:00;recepcion;Login fallido - contraseña incorrecta;Login;recepcion;ERROR;;;;;;;;;;;;
197;2026-08-26T21:42:50.7768365+02:00;recepcion;Login fallido - contraseña incorrecta;Login;recepcion;ERROR;;;;;;;;;;;;
198;2026-08-26T21:45:29.8283674+02:00;admin;Login correcto;Login;Administración;OK;;;;;;;;;;;;
199;2026-08-26T21:50:05.3331793+02:00;admin;Restablecer contraseña;Usuarios;recepcion;OK;;;;;;;;;;;;
200;2026-08-26T21:50:59.0947879+02:00;recepcion;Login correcto;Login;Recepción;OK;;;;;;;;;;;;
201;2026-08-26T21:51:46.1319833+02:00;admin;Login correcto;Login;Administración;OK;;;;;;;;;;;;
202;2026-08-26T21:52:39.8663832+02:00;recepcion;Login correcto;Login;Recepción;OK;;;;;;;;;;;;
203;2026-08-26T22:51:31.0932309+02:00;admin;Login correcto;Login;Administración;OK;;;;;;;;;;;;
204;2026-08-26T23:04:27.3529605+02:00;admin;Login correcto;Login;Administración;OK;;;;;;;;;;;;
205;2026-08-26T23:07:14.7814482+02:00;admin;Login correcto;Login;Administración;OK;;;;;;;;;;;;
206;2026-08-26T23:23:47.3443960+02:00;admin;Login correcto;Login;Administración;OK;;;;;;;;;;;;
207;2026-08-26T23:40:42.3476769+02:00;admin;Login correcto;Login;Administración;OK;;;;;;;;;;;;
208;2026-08-27T01:09:36.5118654+02:00;admin;Login correcto;Login;Administración;OK;;;;;;;;;;;;
209;2026-08-27T01:35:27.9708800+02:00;admin;Login correcto;Login;Administración;OK;;;;;;;;;;;;
210;2026-08-27T01:38:31.8383433+02:00;admin;Login correcto;Login;Administración;OK;;;;;;;;;;;;
211;2026-08-27T14:15:53.9562750+02:00;admin;Login correcto;Login;Administración;OK;;;;;;;;;;;;
212;2026-08-27T14:21:00.0586584+02:00;admin;Login correcto;Login;Administración;OK;;;;;;;;;;;;
213;2026-08-27T22:01:29.5117707+02:00;admin;Login correcto;Login;Administración;OK;;;;;;;;;;;;
214;2026-08-27T22:22:40.2015727+02:00;admin;Login correcto;Login;Administración;OK;;;;;;;;;;;;
215;2026-08-27T22:23:29.9115425+02:00;admin;Login correcto;Login;Administración;OK;;;;;;;;;;;;
216;2026-08-27T22:30:19.1123548+02:00;admin;Login correcto;Login;Administración;OK;;;;;;;;;;;;
217;2026-08-27T22:39:08.4347333+02:00;admin;Login correcto;Login;Administración;OK;;;;;;;;;;;;
218;2026-08-28T14:11:32.3379095+02:00;admin;Login correcto;Login;Administración;OK;;;;;;;;;;;;
219;2026-08-28T14:11:48.4138982+02:00;admin;Cerrar sesión;Sesión;admin;OK;;;;;;;;;;;;
220;2026-08-28T14:12:02.3260315+02:00;admin;Login correcto;Login;Administración;OK;;;;;;;;;;;;
221;2026-08-28T14:12:29.2906839+02:00;admin;Cerrar sesión;Sesión;admin;OK;;;;;;;;;;;;
222;2026-08-28T14:23:15.6780824+02:00;admin;Login correcto;Login;Administración;OK;;;;;;;;;;;;
223;2026-08-28T14:23:29.6660551+02:00;admin;Cerrar sesión;Sesión;admin;OK;;;;;;;;;;;;
224;2026-08-28T14:23:39.1749362+02:00;admin;Login correcto;Login;Administración;OK;;;;;;;;;;;;
225;2026-08-28T14:25:04.0542027+02:00;admin;Cerrar sesión;Sesión;admin;OK;;;;;;;;;;;;
226;2026-08-28T14:25:12.2307151+02:00;admin;Login correcto;Login;Administración;OK;;;;;;;;;;;;
227;2026-08-28T14:25:23.8675715+02:00;admin;Cerrar sesión;Sesión;admin;OK;;;;;;;;;;;;
228;2026-08-28T14:25:49.5084248+02:00;admin;Login correcto;Login;Administración;OK;;;;;;;;;;;;
229;2026-08-28T14:27:07.5026989+02:00;admin;Cerrar sesión;Sesión;admin;OK;;;;;;;;;;;;
230;2026-08-28T14:27:16.9988646+02:00;admin;Login correcto;Login;Administración;OK;;;;;;;;;;;;
231;2026-08-28T14:29:54.8429557+02:00;admin;Cerrar sesión;Sesión;admin;OK;;;;;;;;;;;;
232;2026-08-28T14:30:53.1865023+02:00;admin;Login correcto;Login;Administración;OK;;;;;;;;;;;;
233;2026-08-28T14:31:09.0795532+02:00;admin;Cerrar sesión;Sesión;admin;OK;;;;;;;;;;;;
234;2026-08-28T14:31:59.9615076+02:00;admin;Login correcto;Login;Administración;OK;;;;;;;;;;;;
235;2026-08-28T15:07:41.5481120+02:00;admin;Cerrar sesión;Sesión;admin;OK;;;;;;;;;;;;
236;2026-08-28T15:08:12.4461178+02:00;admin;Login correcto;Login;Administración;OK;;;;;;;;;;;;
237;2026-08-28T15:18:01.8702886+02:00;admin;Cerrar sesión;Sesión;admin;OK;;;;;;;;;;;;
238;2026-08-28T17:43:47.5141617+02:00;admin;Login correcto;Login;Administración;OK;;;;;;;;;;;;
239;2026-08-28T18:02:50.7080234+02:00;admin;Login correcto;Login;Administración;OK;;;;;;;;;;;;
240;2026-08-28T18:13:18.0710447+02:00;admin;Bloqueo por inactividad;Seguridad;admin;OK;;;;;;;;;;;;
241;2026-08-28T18:15:19.6955931+02:00;admin;Desbloqueo por inactividad;Seguridad;admin;OK;;;;;;;;;;;;
242;2026-08-28T18:29:19.7098997+02:00;admin;Bloqueo por inactividad;Seguridad;admin;OK;;;;;;;;;;;;
243;2026-08-28T18:43:08.8974818+02:00;admin;Desbloqueo por inactividad;Seguridad;admin;OK;;;;;;;;;;;;
244;2026-08-28T18:43:43.0327062+02:00;admin;Cerrar sesión;Sesión;admin;OK;;;;;;;;;;;;
245;2026-08-28T18:44:25.0776173+02:00;admin;Login correcto;Login;Administración;OK;;;;;;;;;;;;
246;2026-08-28T18:51:52.4112841+02:00;admin;Cerrar sesión;Sesión;admin;OK;;;;;;;;;;;;
247;2026-08-28T20:25:24.2908147+02:00;admin;Login correcto;Login;Administración;OK;;;;;;;;;;;;
248;2026-08-28T20:37:34.3230469+02:00;admin;Cerrar sesión;Sesión;admin;OK;;;;;;;;;;;;
249;2026-08-28T20:48:57.2540357+02:00;admin;Login correcto;Login;Administración;OK;;;;;;;;;;;;
250;2026-08-28T20:50:00.7169353+02:00;admin;Cerrar sesión;Sesión;admin;OK;;;;;;;;;;;;
251;2026-08-28T21:25:31.5263746+02:00;admin;Login correcto;Login;Administración;OK;;;;;;;;;;;;
252;2026-08-28T21:26:10.1763472+02:00;admin;Cerrar sesión;Sesión;admin;OK;;;;;;;;;;;;
253;2026-08-28T21:26:24.3890684+02:00;Desconocido;Login fallido - credenciales inválidas;Login;admon;ERROR;;;;;;;;;;;;
254;2026-08-28T21:26:53.2944456+02:00;Desconocido;Login fallido - credenciales inválidas;Login;admon;ERROR;;;;;;;;;;;;
255;2026-08-28T21:27:07.6437979+02:00;admin;Login fallido - credenciales inválidas;Login;admin;ERROR;;;;;;;;;;;;
256;2026-08-28T21:27:33.5444859+02:00;admin;Login correcto;Login;Administración;OK;;;;;;;;;;;;
257;2026-08-28T21:28:00.0963885+02:00;admin;Cerrar sesión;Sesión;admin;OK;;;;;;;;;;;;
258;2026-08-28T21:28:12.9698196+02:00;admin;Login correcto;Login;Administración;OK;;;;;;;;;;;;
259;2026-08-28T21:28:15.4355852+02:00;admin;Cerrar sesión;Sesión;admin;OK;;;;;;;;;;;;
260;2026-08-28T21:29:01.0517265+02:00;Desconocido;Login fallido - credenciales inválidas;Login;;ERROR;;;;;;;;;;;;
261;2026-08-28T21:29:08.7915671+02:00;admin;Login correcto;Login;Administración;OK;;;;;;;;;;;;
262;2026-08-28T21:29:10.8362012+02:00;admin;Cerrar sesión;Sesión;admin;OK;;;;;;;;;;;;
263;2026-08-28T21:29:19.3140483+02:00;admin;Acceso no autorizado al área;Login;Recepción;ERROR;;;;;;;;;;;;
264;2026-08-28T21:29:37.3203733+02:00;recepcion;Login correcto;Login;Recepción;OK;;;;;;;;;;;;
265;2026-08-28T21:29:45.2025405+02:00;recepcion;Cerrar sesión;Sesión;recepcion;OK;;;;;;;;;;;;
266;2026-08-28T21:30:00.5756048+02:00;admin;Acceso no autorizado al área;Login;Médico;ERROR;;;;;;;;;;;;
267;2026-08-28T21:30:16.3661225+02:00;recepcion;Acceso no autorizado al área;Login;Médico;ERROR;;;;;;;;;;;;
268;2026-08-28T21:31:08.4501501+02:00;admin;Login correcto;Login;Administración;OK;;;;;;;;;;;;
269;2026-08-28T21:34:48.7015764+02:00;admin;Cerrar sesión;Sesión;admin;OK;;;;;;;;;;;;
270;2026-08-28T21:35:03.0495786+02:00;Desconocido;Login fallido - credenciales inválidas;Login;admon;ERROR;;;;;;;;;;;;
271;2026-08-28T21:35:05.6415315+02:00;Desconocido;Login fallido - credenciales inválidas;Login;admon;ERROR;;;;;;;;;;;;
272;2026-08-28T21:35:08.0242528+02:00;Desconocido;Login fallido - credenciales inválidas;Login;admon;ERROR;;;;;;;;;;;;
273;2026-08-28T21:35:10.3759681+02:00;Desconocido;Login fallido - credenciales inválidas;Login;admon;ERROR;;;;;;;;;;;;
274;2026-08-28T21:35:12.9647530+02:00;Desconocido;Login fallido - credenciales inválidas;Login;admon;ERROR;;;;;;;;;;;;
275;2026-08-28T21:35:15.2519132+02:00;Desconocido;Login fallido - credenciales inválidas;Login;admon;ERROR;;;;;;;;;;;;
276;2026-08-28T21:35:27.3688757+02:00;Desconocido;Login fallido - credenciales inválidas;Login;admon;ERROR;;;;;;;;;;;;
277;2026-08-28T21:35:31.3567060+02:00;Desconocido;Login fallido - credenciales inválidas;Login;admon;ERROR;;;;;;;;;;;;
278;2026-08-28T21:35:34.1228722+02:00;Desconocido;Login fallido - credenciales inválidas;Login;admon;ERROR;;;;;;;;;;;;
279;2026-08-28T21:35:36.9288792+02:00;Desconocido;Login fallido - credenciales inválidas;Login;admon;ERROR;;;;;;;;;;;;
280;2026-08-28T21:35:55.8616824+02:00;admin;Login correcto;Login;Administración;OK;;;;;;;;;;;;
281;2026-08-28T21:36:53.3529595+02:00;admin;Login correcto;Login;Administración;OK;;;;;;;;;;;;
282;2026-08-28T21:36:54.8781384+02:00;admin;Cerrar sesión;Sesión;admin;OK;;;;;;;;;;;;
283;2026-08-28T21:37:03.5649238+02:00;Desconocido;Login fallido - credenciales inválidas;Login;admon;ERROR;;;;;;;;;;;;
284;2026-08-28T21:37:07.1009307+02:00;Desconocido;Login fallido - credenciales inválidas;Login;admon;ERROR;;;;;;;;;;;;
285;2026-08-28T21:37:09.1234267+02:00;Desconocido;Login fallido - credenciales inválidas;Login;admon;ERROR;;;;;;;;;;;;
286;2026-08-28T21:37:10.7567334+02:00;Desconocido;Login fallido - credenciales inválidas;Login;admon;ERROR;;;;;;;;;;;;
287;2026-08-28T21:37:12.4892122+02:00;Desconocido;Login fallido - credenciales inválidas;Login;admon;ERROR;;;;;;;;;;;;
288;2026-08-28T21:39:48.0524573+02:00;admin;Login correcto;Login;Administración;OK;;;;;;;;;;;;
289;2026-08-28T21:41:21.3952218+02:00;Desconocido;Login fallido - credenciales inválidas;Login;Admon;ERROR;;;;;;;;;;;;
290;2026-08-28T21:41:24.8753542+02:00;Desconocido;Login fallido - credenciales inválidas;Login;Admon;ERROR;;;;;;;;;;;;
291;2026-08-28T21:41:27.4249501+02:00;Desconocido;Login fallido - credenciales inválidas;Login;Admon;ERROR;;;;;;;;;;;;
292;2026-08-28T21:41:29.9411168+02:00;Desconocido;Login fallido - credenciales inválidas;Login;Admon;ERROR;;;;;;;;;;;;
293;2026-08-28T21:41:33.0745786+02:00;Desconocido;Login fallido - credenciales inválidas;Login;Admon;ERROR;;;;;;;;;;;;
294;2026-08-28T21:41:43.0273874+02:00;admin;Login correcto;Login;Administración;OK;;;;;;;;;;;;
295;2026-08-28T21:41:44.5678743+02:00;admin;Cerrar sesión;Sesión;admin;OK;;;;;;;;;;;;
296;2026-08-28T21:41:55.7661247+02:00;admin;Login fallido - credenciales inválidas;Login;admin;ERROR;;;;;;;;;;;;
297;2026-08-28T21:41:58.0372198+02:00;admin;Login fallido - credenciales inválidas;Login;admin;ERROR;;;;;;;;;;;;
298;2026-08-28T21:41:59.8936653+02:00;admin;Login fallido - credenciales inválidas;Login;admin;ERROR;;;;;;;;;;;;
299;2026-08-28T21:42:01.7104032+02:00;admin;Login fallido - credenciales inválidas;Login;admin;ERROR;;;;;;;;;;;;
300;2026-08-28T21:42:03.7764174+02:00;admin;Login fallido - credenciales inválidas;Login;admin;ERROR;;;;;;;;;;;;
301;2026-08-28T22:01:28.5041850+02:00;admin;Login fallido - credenciales inválidas;Login;admin;ERROR;;;;;;;;;;;;
302;2026-08-28T22:01:31.3320866+02:00;admin;Login fallido - credenciales inválidas;Login;admin;ERROR;;;;;;;;;;;;
303;2026-08-28T22:01:33.5907075+02:00;admin;Login fallido - credenciales inválidas;Login;admin;ERROR;;;;;;;;;;;;
304;2026-08-28T22:01:36.8230627+02:00;admin;Login fallido - credenciales inválidas;Login;admin;ERROR;;;;;;;;;;;;
305;2026-08-28T22:01:39.0163763+02:00;admin;Login fallido - credenciales inválidas;Login;admin;ERROR;;;;;;;;;;;;
306;2026-08-28T22:07:16.6118673+02:00;recepcion;Login correcto;Login;Recepción;OK;;;;;;;;;;;;
307;2026-08-28T22:17:39.5182521+02:00;recepcion;Cerrar sesión;Sesión;recepcion;OK;;;;;;;;;;;;
308;2026-08-28T22:34:49.7682537+02:00;recepcion;Login fallido - credenciales inválidas;Login;recepcion;ERROR;;;;;;;;;;;;
309;2026-08-28T22:34:58.6175818+02:00;recepcion;Login correcto;Login;Recepción;OK;;;;;;;;;;;;
310;2026-08-28T22:54:49.1880870+02:00;recepcion;Bloqueo por inactividad;Seguridad;recepcion;OK;;;;;;;;;;;;
311;2026-08-28T22:57:41.9906546+02:00;recepcion;Desbloqueo fallido - contraseña incorrecta;Seguridad;recepcion;ERROR;;;;;;;;;;;;
312;2026-08-28T22:57:58.9703723+02:00;recepcion;Desbloqueo por inactividad;Seguridad;recepcion;OK;;;;;;;;;;;;
313;2026-08-28T23:13:58.9997247+02:00;recepcion;Bloqueo por inactividad;Seguridad;recepcion;OK;;;;;;;;;;;;
314;2026-08-29T00:18:38.8471748+02:00;recepcion;Desbloqueo por inactividad;Seguridad;recepcion;OK;;;;;;;;;;;;
315;2026-08-29T00:26:34.1982237+02:00;recepcion;Acceso no autorizado al área;Login;Administración;ERROR;;;;;;;;;;;;
316;2026-08-29T00:26:45.6055614+02:00;recepcion;Acceso no autorizado al área;Login;Administración;ERROR;;;;;;;;;;;;
317;2026-08-29T00:27:01.3922925+02:00;recepcion;Acceso no autorizado al área;Login;Administración;ERROR;;;;;;;;;;;;
318;2026-08-29T00:27:31.3153960+02:00;recepcion;Login correcto;Login;Recepción;OK;;;;;;;;;;;;
319;2026-08-29T00:38:25.1930481+02:00;recepcion;Cerrar sesión;Sesión;recepcion;OK;;;;;;;;;;;;
320;2026-08-29T00:39:07.3117243+02:00;admin;Login correcto;Login;Administración;OK;;;;;;;;;;;;
321;2026-08-29T00:39:11.5997331+02:00;admin;Cerrar sesión;Sesión;admin;OK;;;;;;;;;;;;
322;2026-08-29T00:39:24.6225915+02:00;recepcion;Login correcto;Login;Recepción;OK;;;;;;;;;;;;
323;2026-08-29T01:07:41.0546138+02:00;recepcion;Cerrar sesión;Sesión;recepcion;OK;;;;;;;;;;;;
324;2026-08-29T01:08:19.5892262+02:00;recepcion;Login correcto;Login;Recepción;OK;;;;;;;;;;;;
325;2026-08-29T01:18:37.4460819+02:00;recepcion;Bloqueo por inactividad;Seguridad;recepcion;OK;;;;;;;;;;;;
326;2026-08-29T01:32:34.7958283+02:00;recepcion;Desbloqueo por inactividad;Seguridad;recepcion;OK;;;;;;;;;;;;
327;2026-08-29T01:37:24.2903692+02:00;recepcion;Cerrar sesión;Sesión;recepcion;OK;;;;;;;;;;;;
328;2026-08-29T01:38:08.5888659+02:00;recepcion;Login correcto;Login;Recepción;OK;;;;;;;;;;;;
329;2026-08-29T01:41:25.5785564+02:00;recepcion;Login correcto;Login;Recepción;OK;;;;;;;;;;;;
330;2026-08-29T01:46:59.5426971+02:00;recepcion;Login correcto;Login;Recepción;OK;;;;;;;;;;;;
331;2026-08-29T01:53:35.4449544+02:00;recepcion;Login correcto;Login;Recepción;OK;;;;;;;;;;;;
332;2026-08-29T02:10:15.5239672+02:00;recepcion;Cerrar sesión;Sesión;recepcion;OK;;;;;;;;;;;;
333;2026-08-29T02:14:03.7643645+02:00;recepcion;Login correcto;Login;Recepción;OK;;;;;;;;;;;;
334;2026-08-29T02:15:11.0651426+02:00;recepcion;Login correcto;Login;Recepción;OK;;;;;;;;;;;;
335;2026-08-29T02:27:44.6395344+02:00;recepcion;Login correcto;Login;Recepción;OK;;;;;;;;;;;;
336;2026-08-29T02:28:55.9802833+02:00;recepcion;Cerrar sesión;Sesión;recepcion;OK;;;;;;;;;;;;
337;2026-08-29T02:29:06.8947380+02:00;recepcion;Login correcto;Login;Recepción;OK;;;;;;;;;;;;
338;2026-08-29T02:34:08.1616485+02:00;recepcion;Login correcto;Login;Recepción;OK;;;;;;;;;;;;
339;2026-08-29T02:38:47.0894393+02:00;recepcion;Login correcto;Login;Recepción;OK;;;;;;;;;;;;
340;2026-08-29T02:41:42.7854220+02:00;recepcion;Cerrar sesión;Sesión;recepcion;OK;;;;;;;;;;;;
341;2026-08-29T02:43:36.4712138+02:00;recepcion;Login correcto;Login;Recepción;OK;;;;;;;;;;;;
342;2026-08-29T02:48:47.2884325+02:00;recepcion;Login correcto;Login;Recepción;OK;;;;;;;;;;;;
343;2026-08-29T02:49:08.6556650+02:00;recepcion;Cerrar sesión;Sesión;recepcion;OK;;;;;;;;;;;;
344;2026-08-29T02:49:17.9890782+02:00;admin;Login correcto;Login;Administración;OK;;;;;;;;;;;;
345;2026-08-29T02:52:39.3109565+02:00;admin;Cerrar sesión;Sesión;admin;OK;;;;;;;;;;;;
346;2026-08-29T02:53:01.6630366+02:00;recepcion;Login fallido - credenciales inválidas;Login;recepcion;ERROR;;;;;;;;;;;;
347;2026-08-29T02:53:11.0934518+02:00;recepcion;Login correcto;Login;Recepción;OK;;;;;;;;;;;;
348;2026-08-29T02:55:47.6065349+02:00;recepcion;Cerrar sesión;Sesión;recepcion;OK;;;;;;;;;;;;
349;2026-08-29T02:56:16.9036600+02:00;recepcion;Login correcto;Login;Recepción;OK;;;;;;;;;;;;
350;2026-08-29T03:26:09.9461846+02:00;recepcion;Login correcto;Login;Recepción;OK;;;;;;;;;;;;
351;2026-08-29T03:30:36.9133630+02:00;recepcion;Login correcto;Login;Recepción;OK;;;;;;;;;;;;
352;2026-08-29T03:36:15.0773462+02:00;recepcion;Login correcto;Login;Recepción;OK;;;;;;;;;;;;
353;2026-08-29T03:51:55.1165279+02:00;recepcion;Cerrar sesión;Sesión;recepcion;OK;;;;;;;;;;;;
354;2026-08-29T12:03:24.0865930+02:00;admin;Login correcto;Login;Administración;OK;;;;;;;;;;;;
355;2026-08-29T12:04:29.8381915+02:00;admin;Cerrar sesión;Sesión;admin;OK;;;;;;;;;;;;
356;2026-08-29T12:04:44.0175826+02:00;recepcion;Login fallido - credenciales inválidas;Login;recepcion;ERROR;;;;;;;;;;;;
357;2026-08-29T12:04:55.1707884+02:00;recepcion;Login correcto;Login;Recepción;OK;;;;;;;;;;;;
358;2026-08-29T12:23:37.9851611+02:00;recepcion;Cerrar sesión;Sesión;recepcion;OK;;;;;;;;;;;;
359;2026-08-29T12:23:48.1698654+02:00;admin;Login correcto;Login;Administración;OK;;;;;;;;;;;;
360;2026-08-29T13:12:43.8070198+02:00;admin;Login correcto;Login;Administración;OK;;;;;;;;;;;;
361;2026-08-29T13:12:55.6141529+02:00;admin;Cerrar sesión;Sesión;admin;OK;;;;;;;;;;;;
362;2026-08-29T13:13:07.4357779+02:00;recepcion;Login correcto;Login;Recepción;OK;;;;;;;;;;;;
363;2026-08-29T13:22:25.5882764+02:00;admin;Login correcto;Login;Administración;OK;;;;;;;;;;;;
364;2026-08-29T13:22:37.0858533+02:00;admin;Cerrar sesión;Sesión;admin;OK;;;;;;;;;;;;
365;2026-08-29T13:22:48.4668834+02:00;recepcion;Login correcto;Login;Recepción;OK;;;;;;;;;;;;
366;2026-08-29T13:23:46.7007122+02:00;recepcion;Cerrar sesión;Sesión;recepcion;OK;;;;;;;;;;;;
367;2026-08-29T13:23:54.9550788+02:00;admin;Login correcto;Login;Administración;OK;;;;;;;;;;;;
368;2026-08-29T13:24:45.7513746+02:00;admin;Cerrar sesión;Sesión;admin;OK;;;;;;;;;;;;
369;2026-08-29T13:30:23.8482335+02:00;admin;Login correcto;Login;Administración;OK;;;;;;;;;;;;
370;2026-08-29T13:30:49.1682737+02:00;admin;Cerrar sesión;Sesión;admin;OK;;;;;;;;;;;;
371;2026-08-29T13:31:00.2175592+02:00;recepcion;Login correcto;Login;Recepción;OK;;;;;;;;;;;;
372;2026-08-29T13:31:39.9901647+02:00;recepcion;Cerrar sesión;Sesión;recepcion;OK;;;;;;;;;;;;
373;2026-08-29T13:36:07.7523565+02:00;admin;Login correcto;Login;Administración;OK;;;;;;;;;;;;
374;2026-08-29T13:59:33.6738434+02:00;admin;Login correcto;Login;Administración;OK;;;;;;;;;;;;
375;2026-08-29T14:02:22.1994925+02:00;admin;Login correcto;Login;Administración;OK;;;;;;;;;;;;
376;2026-08-29T14:11:10.2731261+02:00;admin;Cerrar sesión;Sesión;admin;OK;;;;;;;;;;;;
377;2026-08-29T14:11:19.3636382+02:00;Desconocido;Login fallido - credenciales inválidas;Login;;ERROR;;;;;;;;;;;;
378;2026-08-29T14:11:30.8883711+02:00;admin;Login fallido - credenciales inválidas;Login;admin;ERROR;;;;;;;;;;;;
379;2026-08-29T14:11:38.1706241+02:00;admin;Login correcto;Login;Administración;OK;;;;;;;;;;;;
380;2026-08-29T14:12:21.3931713+02:00;admin;Cerrar sesión;Sesión;admin;OK;;;;;;;;;;;;
381;2026-08-29T14:12:33.7821829+02:00;recepcion;Login correcto;Login;Recepción;OK;;;;;;;;;;;;
382;2026-08-29T14:17:32.5769900+02:00;recepcion;Login correcto;Login;Recepción;OK;;;;;;;;;;;;
383;2026-08-29T14:22:02.9638187+02:00;recepcion;Login correcto;Login;Recepción;OK;;;;;;;;;;;;
384;2026-08-29T14:25:01.2065497+02:00;recepcion;Login correcto;Login;Recepción;OK;;;;;;;;;;;;
385;2026-08-29T14:28:24.3652064+02:00;recepcion;Login correcto;Login;Recepción;OK;;;;;;;;;;;;
386;2026-08-29T14:34:31.1949266+02:00;recepcion;Login correcto;Login;Recepción;OK;;;;;;;;;;;;
387;2026-08-29T14:40:27.1027900+02:00;recepcion;Login correcto;Login;Recepción;OK;;;;;;;;;;;;
388;2026-08-29T14:46:50.2300798+02:00;recepcion;Login correcto;Login;Recepción;OK;;;;;;;;;;;;
389;2026-08-29T14:50:03.5507474+02:00;recepcion;Login correcto;Login;Recepción;OK;;;;;;;;;;;;
390;2026-08-29T14:56:46.0654288+02:00;recepcion;Login correcto;Login;Recepción;OK;;;;;;;;;;;;
391;2026-08-29T15:06:34.5405040+02:00;recepcion;Login correcto;Login;Recepción;OK;;;;;;;;;;;;
392;2026-08-29T15:24:07.6744298+02:00;recepcion;Bloqueo por inactividad;Seguridad;recepcion;OK;;;;;;;;;;;;
393;2026-08-29T16:20:24.1323061+02:00;recepcion;Desbloqueo por inactividad;Seguridad;recepcion;OK;;;;;;;;;;;;
394;2026-08-29T16:52:30.4349462+02:00;recepcion;Login correcto;Login;Recepción;OK;;;;;;;;;;;;
395;2026-09-01T17:03:26.4597204+02:00;recepcion;Acceso no autorizado al área;Login;Administración;ERROR;;;;;;;;;;;;
396;2026-09-01T17:03:44.5545037+02:00;admin;Login fallido - credenciales inválidas;Login;admin;ERROR;;;;;;;;;;;;
397;2026-09-01T17:03:53.1513422+02:00;admin;Login correcto;Login;Administración;OK;;;;;;;;;;;;
398;2026-09-01T17:04:11.8665871+02:00;admin;Cerrar sesión;Sesión;admin;OK;;;;;;;;;;;;
399;2026-09-01T17:04:22.7054443+02:00;recepcion;Login correcto;Login;Recepción;OK;;;;;;;;;;;;
400;2026-09-01T19:27:16.6571452+02:00;recepcion;Login correcto;Login;Recepción;OK;;;;;;;;;;;;
401;2026-09-01T19:46:25.8616770+02:00;recepcion;Login correcto;Login;Recepción;OK;;;;;;;;;;;;
402;2026-09-01T20:17:58.8072486+02:00;recepcion;Login correcto;Login;Recepción;OK;;;;;;;;;;;;
403;2026-09-01T20:38:33.3338586+02:00;recepcion;Login correcto;Login;Recepción;OK;;;;;;;;;;;;
404;2026-09-01T21:00:44.8661801+02:00;recepcion;Login correcto;Login;Recepción;OK;;;;;;;;;;;;
405;2026-09-02T01:18:44.0119101+02:00;recepcion;Login correcto;Login;Recepción;OK;;;;;;;;;;;;
406;2026-09-02T01:22:54.7046687+02:00;recepcion;Login correcto;Login;Recepción;OK;;;;;;;;;;;;
407;2026-09-02T01:23:58.2813474+02:00;recepcion;Login correcto;Login;Recepción;OK;;;;;;;;;;;;
408;2026-09-02T01:25:53.9576527+02:00;recepcion;Login correcto;Login;Recepción;OK;;;;;;;;;;;;
409;2026-09-02T11:54:49.9341351+02:00;recepcion;Login correcto;Login;Recepción;OK;;;;;;;;;;;;
410;2026-09-02T11:55:41.7462313+02:00;admin;Login correcto;Login;Administración;OK;;;;;;;;;;;;
411;2026-09-02T11:55:50.8476322+02:00;admin;Cerrar sesión;Sesión;admin;OK;;;;;;;;;;;;
412;2026-09-02T11:56:03.9282052+02:00;recepcion;Login correcto;Login;Recepción;OK;;;;;;;;;;;;
413;2026-09-02T11:57:02.1113895+02:00;Desconocido;Login fallido - credenciales inválidas;Login;medico;ERROR;;;;;;;;;;;;
414;2026-09-02T12:11:20.1310219+02:00;recepcion;Login correcto;Login;Recepción;OK;;;;;;;;;;;;
415;2026-09-02T12:29:39.7207261+02:00;recepcion;Cerrar sesión;Sesión;recepcion;OK;;;;;;;;;;;;
416;2026-09-02T12:29:47.9301936+02:00;admin;Login correcto;Login;Administración;OK;;;;;;;;;;;;
417;2026-09-02T12:32:06.7879998+02:00;admin;Cerrar sesión;Sesión;admin;OK;;;;;;;;;;;;
418;2026-09-02T12:32:25.2944630+02:00;recepcion;Login correcto;Login;Recepción;OK;;;;;;;;;;;;
419;2026-09-02T12:35:12.4872891+02:00;recepcion;Cerrar sesión;Sesión;recepcion;OK;;;;;;;;;;;;
420;2026-09-02T12:35:22.8294836+02:00;admin;Login correcto;Login;Administración;OK;;;;;;;;;;;;
421;2026-09-02T12:35:58.4379602+02:00;admin;Cerrar sesión;Sesión;admin;OK;;;;;;;;;;;;
422;2026-09-02T12:37:17.9425982+02:00;recepcion;Login correcto;Login;Recepción;OK;;;;;;;;;;;;
423;2026-09-02T12:48:06.8094281+02:00;recepcion;Login correcto;Login;Recepción;OK;;;;;;;;;;;;
424;2026-09-02T12:57:30.5666183+02:00;recepcion;Login correcto;Login;Recepción;OK;;;;;;;;;;;;
425;2026-09-02T12:59:51.7488098+02:00;recepcion;Login correcto;Login;Recepción;OK;;;;;;;;;;;;
426;2026-09-02T13:11:17.3985169+02:00;recepcion;Login correcto;Login;Recepción;OK;;;;;;;;;;;;
427;2026-09-02T13:31:58.2764825+02:00;recepcion;Bloqueo por inactividad;Seguridad;recepcion;OK;;;;;;;;;;;;
428;2026-09-02T14:29:16.6852018+02:00;recepcion;Desbloqueo por inactividad;Seguridad;recepcion;OK;;;;;;;;;;;;
429;2026-09-02T14:58:57.5695716+02:00;recepcion;Login correcto;Login;Recepción;OK;;;;;;;;;;;;
430;2026-09-02T15:49:21.4047956+02:00;recepcion;Login correcto;Login;Recepción;OK;;;;;;;;;;;;
431;2026-09-02T15:51:15.5704724+02:00;recepcion;Login fallido - credenciales inválidas;Login;recepcion;ERROR;;;;;;;;;;;;
432;2026-09-02T15:51:44.6028282+02:00;recepcion;Login correcto;Login;Recepción;OK;;;;;;;;;;;;
433;2026-09-02T16:02:02.4838185+02:00;recepcion;Bloqueo por inactividad;Seguridad;recepcion;OK;;;;;;;;;;;;
434;2026-09-02T18:35:58.0914759+02:00;recepcion;Desbloqueo por inactividad;Seguridad;recepcion;OK;;;;;;;;;;;;
435;2026-09-02T18:41:54.2394125+02:00;recepcion;Cerrar sesión;Sesión;recepcion;OK;;;;;;;;;;;;
436;2026-09-02T18:42:54.6940650+02:00;recepcion;Login correcto;Login;Recepción;OK;;;;;;;;;;;;
437;2026-09-02T18:52:40.7575079+02:00;recepcion;Login correcto;Login;Recepción;OK;;;;;;;;;;;;
438;2026-09-02T19:12:34.6004034+02:00;recepcion;Login correcto;Login;Recepción;OK;;;;;;;;;;;;
439;2026-09-02T19:44:48.1765286+02:00;recepcion;Bloqueo por inactividad;Seguridad;recepcion;OK;;;;;;;;;;;;
440;2026-09-02T20:11:11.0352301+02:00;recepcion;Desbloqueo por inactividad;Seguridad;recepcion;OK;;;;;;;;;;;;
441;2026-09-02T21:03:33.0153767+02:00;recepcion;Login correcto;Login;Recepción;OK;;;;;;;;;;;;
442;2026-09-02T21:13:49.2871348+02:00;recepcion;Login correcto;Login;Recepción;OK;;;;;;;;;;;;
443;2026-09-02T21:24:06.9975263+02:00;recepcion;Bloqueo por inactividad;Seguridad;recepcion;OK;;;;;;;;;;;;
444;2026-09-02T21:25:42.2538925+02:00;recepcion;Desbloqueo por inactividad;Seguridad;recepcion;OK;;;;;;;;;;;;
445;2026-09-02T21:32:51.4648101+02:00;recepcion;Login correcto;Login;Recepción;OK;;;;;;;;;;;;
446;2026-09-02T21:43:05.0388884+02:00;recepcion;Login correcto;Login;Recepción;OK;;;;;;;;;;;;
447;2026-09-02T21:52:25.3208154+02:00;recepcion;Login correcto;Login;Recepción;OK;;;;;;;;;;;;
448;2026-09-02T21:55:24.5593971+02:00;recepcion;Login correcto;Login;Recepción;OK;;;;;;;;;;;;
449;2026-09-02T22:44:06.1132757+02:00;recepcion;Login correcto;Login;Recepción;OK;;;;;;;;;;;;
450;2026-09-02T22:48:22.8847097+02:00;recepcion;Login correcto;Login;Recepción;OK;;;;;;;;;;;;
451;2026-09-02T22:53:56.5026001+02:00;recepcion;Login correcto;Login;Recepción;OK;;;;;;;;;;;;
452;2026-09-02T22:56:03.6351004+02:00;recepcion;Login correcto;Login;Recepción;OK;;;;;;;;;;;;
453;2026-09-02T23:02:35.0277226+02:00;recepcion;Login correcto;Login;Recepción;OK;;;;;;;;;;;;
454;2026-09-03T18:03:39.6381949+02:00;admin;Login correcto;Login;Administración;OK;;;;;;;;;;;;
455;2026-09-03T18:22:46.5032078+02:00;admin;Bloqueo por inactividad;Seguridad;admin;OK;;;;;;;;;;;;
456;2026-09-03T18:33:32.7673132+02:00;admin;Desbloqueo por inactividad;Seguridad;admin;OK;;;;;;;;;;;;
457;2026-09-03T19:16:19.2752969+02:00;admin;Login correcto;Login;Administración;OK;;;;;;;;;;;;
458;2026-09-03T19:16:29.2135448+02:00;admin;Cerrar sesión;Sesión;admin;OK;;;;;;;;;;;;
459;2026-09-03T19:16:39.7848315+02:00;recepcion;Login correcto;Login;Recepción;OK;;;;;;;;;;;;
460;2026-09-03T19:17:04.3185122+02:00;recepcion;Cerrar sesión;Sesión;recepcion;OK;;;;;;;;;;;;
461;2026-09-03T23:57:02.3561488+02:00;admin;Login fallido - credenciales inválidas;Login;admin;ERROR;;;;;;;;;;;;
462;2026-09-03T23:57:07.9009214+02:00;admin;Login fallido - credenciales inválidas;Login;admin;ERROR;;;;;;;;;;;;
463;2026-09-03T23:57:14.6747854+02:00;admin;Login correcto;Login;Administración;OK;;;;;;;;;;;;
464;2026-09-03T23:57:44.7639935+02:00;admin;Cerrar sesión;Sesión;admin;OK;;;;;;;;;;;;
465;2026-09-03T23:57:59.4495039+02:00;recepcion;Login correcto;Login;Recepción;OK;;;;;;;;;;;;
466;2026-09-04T01:19:06.5018956+02:00;admin;Login.Correcto;Login;Administración;OK;{"Rol":"","Area":"Administraci\u00F3n","SesionId":"eb0b04fd8a64459283a63d2b666c7670","Equipo":"DESKTOP-6TIG8MA","VersionApp":"0.0.0.0","Usuario":"admin"};;;;;;;;;eb0b04fd8a64459283a63d2b666c7670;DESKTOP-6TIG8MA;0.0.0.0
467;2026-09-04T01:32:33.2407113+02:00;admin;Login.Correcto;Login;Administración;OK;{"Rol":"","Area":"Administraci\u00F3n","SesionId":"92756dfdd94245f7964eba645524a6df","Equipo":"DESKTOP-6TIG8MA","VersionApp":"0.0.0.0","Usuario":"admin"};;;;;;;;;92756dfdd94245f7964eba645524a6df;DESKTOP-6TIG8MA;0.0.0.0
468;2026-09-04T01:33:05.6607342+02:00;admin;Sesion.Cerrar;Sesión;admin;OK;{"Rol":"Administraci\u00F3n","Area":"Administraci\u00F3n","SesionId":"92756dfdd94245f7964eba645524a6df","Equipo":"DESKTOP-6TIG8MA","VersionApp":"0.0.0.0","Usuario":"admin"};;;;;;;Administración;Administración;92756dfdd94245f7964eba645524a6df;DESKTOP-6TIG8MA;0.0.0.0
469;2026-09-04T01:38:35.2440818+02:00;admin;Login.Correcto;Login;Administración;OK;{"Rol":"","Area":"Administraci\u00F3n","SesionId":"f2ce68e800074a4b913e01d26133a777","Equipo":"DESKTOP-6TIG8MA","VersionApp":"0.0.0.0","Usuario":"admin"};;;;;;;;;f2ce68e800074a4b913e01d26133a777;DESKTOP-6TIG8MA;0.0.0.0
470;2026-09-04T01:39:18.2457293+02:00;admin;Sesion.Cerrar;Sesión;admin;OK;{"Rol":"Administraci\u00F3n","Area":"Administraci\u00F3n","SesionId":"f2ce68e800074a4b913e01d26133a777","Equipo":"DESKTOP-6TIG8MA","VersionApp":"0.0.0.0","Usuario":"admin"};;;;;;;Administración;Administración;f2ce68e800074a4b913e01d26133a777;DESKTOP-6TIG8MA;0.0.0.0
471;2026-09-04T19:27:39.0540168+02:00;admin;Login.FallidoCredenciales;Login;ADMIN;ERROR;{"Rol":"","Area":"Administraci\u00F3n","SesionId":"22b5eaef40ba4a87ac336efa2a131e4d","Equipo":"DESKTOP-6TIG8MA","VersionApp":"0.0.0.0","UsuarioIntentado":"ADMIN"};;;6F69FDFCFDB130DC2C590D347235E7441CC9562889EAC571691CB457BB6FF2B6;;;;;;22b5eaef40ba4a87ac336efa2a131e4d;DESKTOP-6TIG8MA;0.0.0.0
472;2026-09-04T19:27:51.0897433+02:00;admin;Login.FallidoCredenciales;Login;admin;ERROR;{"Rol":"","Area":"Administraci\u00F3n","SesionId":"22b5eaef40ba4a87ac336efa2a131e4d","Equipo":"DESKTOP-6TIG8MA","VersionApp":"0.0.0.0","UsuarioIntentado":"admin"};;6F69FDFCFDB130DC2C590D347235E7441CC9562889EAC571691CB457BB6FF2B6;DF643BDAB598AC999A6A2DE8D9FC1122792BA31B46B2C3C208D4F4F63DC7CD6C;;;;;;22b5eaef40ba4a87ac336efa2a131e4d;DESKTOP-6TIG8MA;0.0.0.0
473;2026-09-04T19:27:58.2105347+02:00;admin;Login.Correcto;Login;Administración;OK;{"Rol":"","Area":"Administraci\u00F3n","SesionId":"22b5eaef40ba4a87ac336efa2a131e4d","Equipo":"DESKTOP-6TIG8MA","VersionApp":"0.0.0.0","Usuario":"admin"};;DF643BDAB598AC999A6A2DE8D9FC1122792BA31B46B2C3C208D4F4F63DC7CD6C;80CE979EDA8017969D336345305C4565A6E9744FE9752BFA1897F0F89898D88C;;;;;;22b5eaef40ba4a87ac336efa2a131e4d;DESKTOP-6TIG8MA;0.0.0.0
474;2026-09-04T19:50:53.2381306+02:00;admin;Sesion.BloqueoInactividad;Seguridad;admin;OK;{"Rol":"Administraci\u00F3n","Area":"Administraci\u00F3n","SesionId":"22b5eaef40ba4a87ac336efa2a131e4d","Equipo":"DESKTOP-6TIG8MA","VersionApp":"0.0.0.0","TimeoutMinutos":"10","Usuario":"admin"};;80CE979EDA8017969D336345305C4565A6E9744FE9752BFA1897F0F89898D88C;4A26172652D4D37D55D9DC0989C305C190A42DFC0DE7CDBC547BBAF274694B82;;;;Administración;Administración;22b5eaef40ba4a87ac336efa2a131e4d;DESKTOP-6TIG8MA;0.0.0.0
475;2026-09-04T19:51:07.9268617+02:00;admin;Sesion.DesbloqueoInactividad;Seguridad;admin;OK;{"Rol":"Administraci\u00F3n","Area":"Administraci\u00F3n","SesionId":"22b5eaef40ba4a87ac336efa2a131e4d","Equipo":"DESKTOP-6TIG8MA","VersionApp":"0.0.0.0","Usuario":"admin","Motivo":""};;4A26172652D4D37D55D9DC0989C305C190A42DFC0DE7CDBC547BBAF274694B82;F98DE27D7D7ACAC150958BE27743FB93633DE4766B7DDCB5960087EE9257B2AD;;;;Administración;Administración;22b5eaef40ba4a87ac336efa2a131e4d;DESKTOP-6TIG8MA;0.0.0.0
476;2026-09-04T20:35:38.8334007+02:00;admin;Login.Correcto;Login;Administración;OK;{"Rol":"","Area":"Administraci\u00F3n","SesionId":"9e849eb87d334f8c9cd15aa318f26745","Equipo":"DESKTOP-6TIG8MA","VersionApp":"0.0.0.0","Usuario":"admin"};;F98DE27D7D7ACAC150958BE27743FB93633DE4766B7DDCB5960087EE9257B2AD;374640F50D65AE0F528976D64C440FB9234F11B0A1E4DD3B1AAAE45C5EDFA76B;;;;;;9e849eb87d334f8c9cd15aa318f26745;DESKTOP-6TIG8MA;0.0.0.0
477;2026-09-04T20:35:56.2596257+02:00;admin;Sesion.Cerrar;Sesión;admin;OK;{"Rol":"Administraci\u00F3n","Area":"Administraci\u00F3n","SesionId":"9e849eb87d334f8c9cd15aa318f26745","Equipo":"DESKTOP-6TIG8MA","VersionApp":"0.0.0.0","Usuario":"admin"};;374640F50D65AE0F528976D64C440FB9234F11B0A1E4DD3B1AAAE45C5EDFA76B;EE3B5ECB762802AE59746BFC6F1BC6848BCEEE2451CCEFB22104F06FF27590A5;;;;Administración;Administración;9e849eb87d334f8c9cd15aa318f26745;DESKTOP-6TIG8MA;0.0.0.0
478;2026-09-04T20:36:08.1321552+02:00;recepcion;Login.Correcto;Login;Recepción;OK;{"Rol":"","Area":"Recepci\u00F3n","SesionId":"9e849eb87d334f8c9cd15aa318f26745","Equipo":"DESKTOP-6TIG8MA","VersionApp":"0.0.0.0","Usuario":"recepcion"};;EE3B5ECB762802AE59746BFC6F1BC6848BCEEE2451CCEFB22104F06FF27590A5;08CF5D7C5030ABCD84306410A25ABE50F24FBE188D34FEA614392E30096310BF;;;;;;9e849eb87d334f8c9cd15aa318f26745;DESKTOP-6TIG8MA;0.0.0.0
479;2026-09-04T20:36:26.0091986+02:00;recepcion;Sesion.Cerrar;Sesión;recepcion;OK;{"Rol":"Recepci\u00F3n","Area":"Recepci\u00F3n","SesionId":"9e849eb87d334f8c9cd15aa318f26745","Equipo":"DESKTOP-6TIG8MA","VersionApp":"0.0.0.0","Usuario":"recepcion"};;08CF5D7C5030ABCD84306410A25ABE50F24FBE188D34FEA614392E30096310BF;537D9B9D40E2C03808F7E9D59314F75455B3A368604691205A2E242F494880BB;;;;Recepción;Recepción;9e849eb87d334f8c9cd15aa318f26745;DESKTOP-6TIG8MA;0.0.0.0
480;2026-09-05T13:14:38.2980613+02:00;admin;Login.FallidoCredenciales;Login;admin;ERROR;{"Rol":"","Area":"Administraci\u00F3n","SesionId":"9c0c124b141e4ac995be12c8ce5a2272","Equipo":"DESKTOP-6TIG8MA","VersionApp":"0.0.0.0","UsuarioIntentado":"admin"};;537D9B9D40E2C03808F7E9D59314F75455B3A368604691205A2E242F494880BB;E166BDC3309508D30F54691952B8C006FE4281808B2E2DEEE968245B5F794998;;;;;;9c0c124b141e4ac995be12c8ce5a2272;DESKTOP-6TIG8MA;0.0.0.0
481;2026-09-05T13:14:48.1415088+02:00;admin;Login.Correcto;Login;Administración;OK;{"Rol":"","Area":"Administraci\u00F3n","SesionId":"9c0c124b141e4ac995be12c8ce5a2272","Equipo":"DESKTOP-6TIG8MA","VersionApp":"0.0.0.0","Usuario":"admin"};;E166BDC3309508D30F54691952B8C006FE4281808B2E2DEEE968245B5F794998;4EAD1AA85EBA099238BBA9E88C5CDA1067C7F2FAF14F101A3257CDF4507A7DD1;;;;;;9c0c124b141e4ac995be12c8ce5a2272;DESKTOP-6TIG8MA;0.0.0.0
482;2026-09-05T13:27:14.1501660+02:00;admin;Sesion.Cerrar;Sesión;admin;OK;{"Rol":"Administraci\u00F3n","Area":"Administraci\u00F3n","SesionId":"9c0c124b141e4ac995be12c8ce5a2272","Equipo":"DESKTOP-6TIG8MA","VersionApp":"0.0.0.0","Usuario":"admin"};;4EAD1AA85EBA099238BBA9E88C5CDA1067C7F2FAF14F101A3257CDF4507A7DD1;967EE6AC0ED1FBAFE814E5B9D520B43AA9FCB57001A560CB5DF2D6550FFA5516;;;;Administración;Administración;9c0c124b141e4ac995be12c8ce5a2272;DESKTOP-6TIG8MA;0.0.0.0
483;2026-09-05T13:29:41.3958401+02:00;admin;Login.Correcto;Login;Administración;OK;{"Rol":"Administraci\u00F3n","Area":"Administraci\u00F3n","SesionId":"37c368e342714547a28e009c7ec8fdbc","Equipo":"DESKTOP-6TIG8MA","VersionApp":"0.0.0.0","Usuario":"admin"};;967EE6AC0ED1FBAFE814E5B9D520B43AA9FCB57001A560CB5DF2D6550FFA5516;F886315553FDC54A4413A51D2ED21DD12F83212990119E966F43CA0F2FB24604;;;;Administración;Administración;37c368e342714547a28e009c7ec8fdbc;DESKTOP-6TIG8MA;0.0.0.0
484;2026-09-05T13:40:53.8324288+02:00;admin;Sesion.Cerrar;Sesión;admin;OK;{"Rol":"Administraci\u00F3n","Area":"Administraci\u00F3n","SesionId":"37c368e342714547a28e009c7ec8fdbc","Equipo":"DESKTOP-6TIG8MA","VersionApp":"0.0.0.0","Usuario":"admin"};;F886315553FDC54A4413A51D2ED21DD12F83212990119E966F43CA0F2FB24604;BCEB75D0D820AE916D384986276ED3B86526C1F4021BC100917207AF2D9F1757;;;;Administración;Administración;37c368e342714547a28e009c7ec8fdbc;DESKTOP-6TIG8MA;0.0.0.0
485;2026-09-05T14:00:07.0616525+02:00;admin;Login.Correcto;Login;Administración;OK;{"Rol":"Administraci\u00F3n","Area":"Administraci\u00F3n","SesionId":"2efb67fec70e48fe92e85a6116989f1d","Equipo":"DESKTOP-6TIG8MA","VersionApp":"0.0.0.0","Usuario":"admin"};;BCEB75D0D820AE916D384986276ED3B86526C1F4021BC100917207AF2D9F1757;59FA028FFE41B04D95211CB37F6A320B3FB5B4730EFC34F16628CC6A71DE69D3;;;;Administración;Administración;2efb67fec70e48fe92e85a6116989f1d;DESKTOP-6TIG8MA;0.0.0.0
486;2026-09-05T14:04:41.1202759+02:00;admin;Sesion.Cerrar;Sesión;admin;OK;{"Rol":"Administraci\u00F3n","Area":"Administraci\u00F3n","SesionId":"2efb67fec70e48fe92e85a6116989f1d","Equipo":"DESKTOP-6TIG8MA","VersionApp":"0.0.0.0","Usuario":"admin"};;59FA028FFE41B04D95211CB37F6A320B3FB5B4730EFC34F16628CC6A71DE69D3;A2D259AB82F6027EEBD4A888893BA9904A5F4F7BB1DB2FAA7D5C984D32E45F61;;;;Administración;Administración;2efb67fec70e48fe92e85a6116989f1d;DESKTOP-6TIG8MA;0.0.0.0
487;2026-09-05T14:04:52.9541296+02:00;recepcion;Login.Correcto;Login;Recepción;OK;{"Rol":"Recepci\u00F3n","Area":"Recepci\u00F3n","SesionId":"2efb67fec70e48fe92e85a6116989f1d","Equipo":"DESKTOP-6TIG8MA","VersionApp":"0.0.0.0","Usuario":"recepcion"};;A2D259AB82F6027EEBD4A888893BA9904A5F4F7BB1DB2FAA7D5C984D32E45F61;F03CFD5F1C4FFE90FE9EB58F84001F833163A2778FA0347241C948CC69258586;;;;Recepción;Recepción;2efb67fec70e48fe92e85a6116989f1d;DESKTOP-6TIG8MA;0.0.0.0
488;2026-09-05T14:06:13.7661573+02:00;recepcion;Paciente.Crear;Recepción;Manuel Rodriguez Peña;OK;{"Rol":"Recepci\u00F3n","Area":"Recepci\u00F3n","SesionId":"2efb67fec70e48fe92e85a6116989f1d","Equipo":"DESKTOP-6TIG8MA","VersionApp":"0.0.0.0","PacienteId":"0"};;F03CFD5F1C4FFE90FE9EB58F84001F833163A2778FA0347241C948CC69258586;08D5CEEDDBACB4C9F00083C5F7C2AC1329D9674AE2A7FA92154A1DD7C0D8D15C;;;;Recepción;Recepción;2efb67fec70e48fe92e85a6116989f1d;DESKTOP-6TIG8MA;0.0.0.0
489;2026-09-05T14:09:56.3982602+02:00;recepcion;Sesion.Cerrar;Sesión;recepcion;OK;{"Rol":"Recepci\u00F3n","Area":"Recepci\u00F3n","SesionId":"2efb67fec70e48fe92e85a6116989f1d","Equipo":"DESKTOP-6TIG8MA","VersionApp":"0.0.0.0","Usuario":"recepcion"};;08D5CEEDDBACB4C9F00083C5F7C2AC1329D9674AE2A7FA92154A1DD7C0D8D15C;7CD63397C1EF419252DFC930BE87DA7C1680B63F739B245D7C4C3A2D65635C0C;;;;Recepción;Recepción;2efb67fec70e48fe92e85a6116989f1d;DESKTOP-6TIG8MA;0.0.0.0
490;2026-09-05T14:10:08.6869815+02:00;recepcion;Login.Correcto;Login;Recepción;OK;{"Rol":"Recepci\u00F3n","Area":"Recepci\u00F3n","SesionId":"2efb67fec70e48fe92e85a6116989f1d","Equipo":"DESKTOP-6TIG8MA","VersionApp":"0.0.0.0","Usuario":"recepcion"};;7CD63397C1EF419252DFC930BE87DA7C1680B63F739B245D7C4C3A2D65635C0C;3B40195654971FF98D4EEDCA1D664BF44DF78A6A3DDF3790997971EE76E99794;;;;Recepción;Recepción;2efb67fec70e48fe92e85a6116989f1d;DESKTOP-6TIG8MA;0.0.0.0
491;2026-09-05T14:11:31.1017420+02:00;recepcion;Paciente.Crear;Recepción;Jesus Haces Valiente;OK;{"Rol":"Recepci\u00F3n","Area":"Recepci\u00F3n","SesionId":"2efb67fec70e48fe92e85a6116989f1d","Equipo":"DESKTOP-6TIG8MA","VersionApp":"0.0.0.0","PacienteId":"0"};;3B40195654971FF98D4EEDCA1D664BF44DF78A6A3DDF3790997971EE76E99794;8930931B54F559D39BD2F269ADD417497F6CC850217A2A98495FF9AECDDDE5F0;;;;Recepción;Recepción;2efb67fec70e48fe92e85a6116989f1d;DESKTOP-6TIG8MA;0.0.0.0
492;2026-09-05T14:12:40.7979267+02:00;recepcion;Cita.Crear;Recepción;Jesus Haces Valiente;OK;{"Rol":"Recepci\u00F3n","Area":"Recepci\u00F3n","SesionId":"2efb67fec70e48fe92e85a6116989f1d","Equipo":"DESKTOP-6TIG8MA","VersionApp":"0.0.0.0","CitaId":"14","PacienteId":"6","Profesional":"Pendiente de asignar","Fecha":"2026-09-07","Hora":"10:00"};;8930931B54F559D39BD2F269ADD417497F6CC850217A2A98495FF9AECDDDE5F0;BAADCE8519ABD6D9CE1845462F004EAC45F379782D79B2F2CC6A584447ACD6DC;;;;Recepción;Recepción;2efb67fec70e48fe92e85a6116989f1d;DESKTOP-6TIG8MA;0.0.0.0
493;2026-09-05T14:13:50.1653185+02:00;recepcion;Sesion.Cerrar;Sesión;recepcion;OK;{"Rol":"Recepci\u00F3n","Area":"Recepci\u00F3n","SesionId":"2efb67fec70e48fe92e85a6116989f1d","Equipo":"DESKTOP-6TIG8MA","VersionApp":"0.0.0.0","Usuario":"recepcion"};;BAADCE8519ABD6D9CE1845462F004EAC45F379782D79B2F2CC6A584447ACD6DC;EA6619E5AA0614F09B8A8225EED972FE6BE63B19649614997CD0D609AFE41B63;;;;Recepción;Recepción;2efb67fec70e48fe92e85a6116989f1d;DESKTOP-6TIG8MA;0.0.0.0
494;2026-09-05T14:15:52.3898097+02:00;recepcion;Login.Correcto;Login;Recepción;OK;{"Rol":"Recepci\u00F3n","Area":"Recepci\u00F3n","SesionId":"48d19a11ac854bf1b3ccb17bd52995e3","Equipo":"DESKTOP-6TIG8MA","VersionApp":"0.0.0.0","Usuario":"recepcion"};;EA6619E5AA0614F09B8A8225EED972FE6BE63B19649614997CD0D609AFE41B63;FD48DD68284A16AB4454D85A6F42F3C0148CDD7061BE6C32F334F649B1ABD903;;;;Recepción;Recepción;48d19a11ac854bf1b3ccb17bd52995e3;DESKTOP-6TIG8MA;0.0.0.0
495;2026-09-05T14:17:43.6566260+02:00;recepcion;Sesion.Cerrar;Sesión;recepcion;OK;{"Rol":"Recepci\u00F3n","Area":"Recepci\u00F3n","SesionId":"48d19a11ac854bf1b3ccb17bd52995e3","Equipo":"DESKTOP-6TIG8MA","VersionApp":"0.0.0.0","Usuario":"recepcion"};;FD48DD68284A16AB4454D85A6F42F3C0148CDD7061BE6C32F334F649B1ABD903;3BF40217C030B6351821B97D3860D54111B8A092AF86DD8D1644BE110349E0D1;;;;Recepción;Recepción;48d19a11ac854bf1b3ccb17bd52995e3;DESKTOP-6TIG8MA;0.0.0.0
496;2026-09-05T14:25:22.0869496+02:00;admin;Login.Correcto;Login;Administración;OK;{"Rol":"Administraci\u00F3n","Area":"Administraci\u00F3n","SesionId":"2a4006d835384c43bf9eb5af5a73d3a6","Equipo":"DESKTOP-6TIG8MA","VersionApp":"0.0.0.0","Usuario":"admin"};;3BF40217C030B6351821B97D3860D54111B8A092AF86DD8D1644BE110349E0D1;E6294D9284030E8EB7BEE81E53369879D116B626FBE52F320DC8558BD163CD50;;;;Administración;Administración;2a4006d835384c43bf9eb5af5a73d3a6;DESKTOP-6TIG8MA;0.0.0.0
497;2026-09-05T18:14:22.6961201+02:00;admin;Login.Correcto;Login;Administración;OK;{"Rol":"Administraci\u00F3n","Area":"Administraci\u00F3n","SesionId":"5578d0d3728b49c390307e87b468b9f8","Equipo":"DESKTOP-6TIG8MA","VersionApp":"0.0.0.0","Usuario":"admin"};;E6294D9284030E8EB7BEE81E53369879D116B626FBE52F320DC8558BD163CD50;B034D4C771A9EB4E232E2438FACF58AFFC9269F322A5C1372BBD67B085F43698;;local;local;Administración;Administración;5578d0d3728b49c390307e87b468b9f8;DESKTOP-6TIG8MA;0.0.0.0
503;2026-09-05T18:26:20.3182268+02:00;admin;Login.Correcto;Login;Administración;OK;{"Rol":"Administraci\u00F3n","Area":"Administraci\u00F3n","SesionId":"93fe85d9ba574790bce28fe63976c210","Equipo":"DESKTOP-6TIG8MA","VersionApp":"0.0.0.0","Usuario":"admin"};;8ED0B5FF7EC2D5E3FBB54A9358017D596BCD0D9EA0AC0DAB87358C645901EBDE;93F9BEAE6B509B51B79EEEABF0047C6D2B5A56C1F21A391F6E5FD08406B25991;;local;local;Administración;Administración;93fe85d9ba574790bce28fe63976c210;DESKTOP-6TIG8MA;0.0.0.0
516;2026-09-05T18:37:58.8892119+02:00;admin;Login.Correcto;Login;Administración;OK;{"Rol":"Administraci\u00F3n","Area":"Administraci\u00F3n","SesionId":"754df38a9d044b98aaae7294703b5aa7","Equipo":"DESKTOP-6TIG8MA","VersionApp":"0.0.0.0","Usuario":"admin"};;EF50FD8C487A83B6C30F398E2F9C05BCFB942AB42AF2DFAE7798686BBA753B55;A01D807200C604C11FED2AEB3CC39010F70A3F25A7394882DA5533A4526AE630;;local;local;Administración;Administración;754df38a9d044b98aaae7294703b5aa7;DESKTOP-6TIG8MA;0.0.0.0
519;2026-09-05T18:51:00.8930431+02:00;admin;Login.Correcto;Login;Administración;OK;{"Rol":"Administraci\u00F3n","Area":"Administraci\u00F3n","SesionId":"44f0581e7f3e4d31b7a625611f045076","Equipo":"DESKTOP-6TIG8MA","VersionApp":"0.0.0.0","Usuario":"admin"};;9699235991467539780FD4A6E3E161FC8F8A62D7C0B4DDF0D9B6D365230EDC7E;AF00E40B066A6E5C2C32BC2CE5BC34B94B22BEEF9DF517725476C1F281D46769;;local;local;Administración;Administración;44f0581e7f3e4d31b7a625611f045076;DESKTOP-6TIG8MA;0.0.0.0
525;2026-09-05T19:05:52.9237165+02:00;admin;Login.FallidoCredenciales;Login;admin;ERROR;{"Rol":"","Area":"Administraci\u00F3n","SesionId":"ec886f2e83824a33ab7d9cb458ec0407","Equipo":"DESKTOP-6TIG8MA","VersionApp":"0.0.0.0","UsuarioIntentado":"admin"};;FC6D534BE069874852AC7B27729A9AEF27FCB30B4C78061529034BD7F523D769;AA8A762537A0E178C23FD1AF6F81CCF20623819D2133C0B7181E0FDD0CDA4596;;local;local;;;ec886f2e83824a33ab7d9cb458ec0407;DESKTOP-6TIG8MA;0.0.0.0
526;2026-09-05T19:06:04.4715938+02:00;admin;Login.Correcto;Login;Administración;OK;{"Rol":"Administraci\u00F3n","Area":"Administraci\u00F3n","SesionId":"ec886f2e83824a33ab7d9cb458ec0407","Equipo":"DESKTOP-6TIG8MA","VersionApp":"0.0.0.0","Usuario":"admin"};;AA8A762537A0E178C23FD1AF6F81CCF20623819D2133C0B7181E0FDD0CDA4596;70541A0F0A224398A9907B91B60B651DCB51A9E21CA8D8E78B5672BFEBB257F6;;local;local;Administración;Administración;ec886f2e83824a33ab7d9cb458ec0407;DESKTOP-6TIG8MA;0.0.0.0
527;2026-09-05T19:25:22.7319535+02:00;admin;Login.Correcto;Login;Administración;OK;{"Rol":"Administraci\u00F3n","Area":"Administraci\u00F3n","SesionId":"73a3851665064e7e9c4e5ddd1b019dda","Equipo":"DESKTOP-6TIG8MA","VersionApp":"0.0.0.0","Usuario":"admin"};;70541A0F0A224398A9907B91B60B651DCB51A9E21CA8D8E78B5672BFEBB257F6;727661AF4A60F0E140E6FDD30D6413D897C7ADD6A24CD0771756CCE00AD0CD04;;local;local;Administración;Administración;73a3851665064e7e9c4e5ddd1b019dda;DESKTOP-6TIG8MA;0.0.0.0
531;2026-09-05T19:37:02.7307333+02:00;admin;Login.Correcto;Login;Administración;OK;{"Rol":"Administraci\u00F3n","Area":"Administraci\u00F3n","SesionId":"1cd9da0893cd49b292905c78d267815e","Equipo":"DESKTOP-6TIG8MA","VersionApp":"0.0.0.0","Usuario":"admin"};;A04095087232396A4751FF4836DF599E34917769344386D488C02468F0E28430;6B630EDFECCE46FCC2E03CF401D7A09773A62BB98BF031E20413D0DDBB267139;;local;local;Administración;Administración;1cd9da0893cd49b292905c78d267815e;DESKTOP-6TIG8MA;0.0.0.0
535;2026-09-07T00:24:52.3793929+02:00;admin;Login.Correcto;Login;Administración;true;;;E33D98D1D6A1AB0DF206D53B0E62E9D45FCB7C7338EFF1424EA8FFCE66887FF5;AB4676A07053AB57344205329C40949AC2ED9566E51001642E9C7E951E13789A;;;;;;;;
536;2026-09-07T00:25:18.7883314+02:00;admin;Sesion.Cerrar;Sesión;admin;true;;;AB4676A07053AB57344205329C40949AC2ED9566E51001642E9C7E951E13789A;346A29808AD78C4FCD9DDA33134E8EE7DD4CA9D1D735935F670DDAA8DB889A0B;;;;;;;;
537;2026-09-07T17:44:31.2767187+02:00;admin;Login.Correcto;Login;Administración;OK;{"Rol":"Administraci\u00F3n","Area":"Administraci\u00F3n","SesionId":"5ab7370c78794471b2964a78b0826541","Equipo":"DESKTOP-6TIG8MA","VersionApp":"0.0.0.0","Usuario":"admin"};;346A29808AD78C4FCD9DDA33134E8EE7DD4CA9D1D735935F670DDAA8DB889A0B;C66A6ACD122EEF46F52FB5AB5460379EF3D20CF4F6C16CF0954697F652480491;;local;local;Administración;Administración;5ab7370c78794471b2964a78b0826541;DESKTOP-6TIG8MA;0.0.0.0
538;2026-09-07T17:46:26.8181117+02:00;admin;Sesion.Cerrar;Sesión;admin;OK;{"Rol":"Administraci\u00F3n","Area":"Administraci\u00F3n","SesionId":"5ab7370c78794471b2964a78b0826541","Equipo":"DESKTOP-6TIG8MA","VersionApp":"0.0.0.0","Usuario":"admin"};;C66A6ACD122EEF46F52FB5AB5460379EF3D20CF4F6C16CF0954697F652480491;0DD039E0A5EC97FDCCB13DD21E99CED00A0043169A3C9A0EABEF07C62A0A1FEE;;local;local;Administración;Administración;5ab7370c78794471b2964a78b0826541;DESKTOP-6TIG8MA;0.0.0.0
539;2026-09-07T22:15:28.4372606+02:00;admin;Login.Correcto;Login;Administración;OK;{"Area":"Administraci\u00F3n","Usuario":"admin"};;0DD039E0A5EC97FDCCB13DD21E99CED00A0043169A3C9A0EABEF07C62A0A1FEE;0CE5B3C89DA71E921716881D0E73740A34A0C88C3689F17254010BF8F9F990FD;;;;;;;;
540;2026-09-07T22:16:01.7940434+02:00;admin;Sesion.Cerrar;Sesión;admin;OK;{"Usuario":"admin","Area":"Administraci\u00F3n"};;0CE5B3C89DA71E921716881D0E73740A34A0C88C3689F17254010BF8F9F990FD;259708C300500E7C3C584B8298972256594B9B5865936448FC4784573FE1DF00;;;;;;;;
541;2026-09-07T22:19:46.9438707+02:00;admin;Login.Correcto;Login;Administración;OK;{"Area":"Administraci\u00F3n","Usuario":"admin"};;259708C300500E7C3C584B8298972256594B9B5865936448FC4784573FE1DF00;564792707A9A43599CD576AE64C8ED41D6D65705F3CF71E628A70983C227F1EE;;;;;;;;
542;2026-09-07T22:24:36.7018530+02:00;admin;Sesion.Cerrar;Sesión;admin;OK;{"Usuario":"admin","Area":"Administraci\u00F3n"};;564792707A9A43599CD576AE64C8ED41D6D65705F3CF71E628A70983C227F1EE;FECE2C33954F18D48C33D3052C55B66F10F5DA454CF6F934116B6AD0998218E4;;;;;;;;
543;2026-09-07T22:33:55.5616949+02:00;admin;Login.Correcto;Login;Administración;OK;{"Area":"Administraci\u00F3n","Usuario":"admin"};;FECE2C33954F18D48C33D3052C55B66F10F5DA454CF6F934116B6AD0998218E4;8DB763F02AFB627A36744B484E18697CE3CBDD9F9F2220E021B73B983B7507BE;;;;;;;;
544;2026-09-07T22:34:10.4437606+02:00;admin;Sesion.Cerrar;Sesión;admin;OK;{"Usuario":"admin","Area":"Administraci\u00F3n"};;8DB763F02AFB627A36744B484E18697CE3CBDD9F9F2220E021B73B983B7507BE;CBFCD7EBC77EF429ACE07445C28A83AAB084E65C3771A8B403C8FFA6F9B9770D;;;;;;;;
545;2026-09-07T22:36:27.6966780+02:00;admin;Login.Correcto;Login;Administración;OK;{"Area":"Administraci\u00F3n","Usuario":"admin"};;CBFCD7EBC77EF429ACE07445C28A83AAB084E65C3771A8B403C8FFA6F9B9770D;3E5604E9BBC7D0BC815C8A7F4FF2C007204D9C653963F38B8B641EC0A6B5C98C;;;;;;;;
546;2026-09-07T22:37:56.1037281+02:00;admin;Sesion.Cerrar;Sesión;admin;OK;{"Usuario":"admin","Area":"Administraci\u00F3n"};;3E5604E9BBC7D0BC815C8A7F4FF2C007204D9C653963F38B8B641EC0A6B5C98C;D66919252EBA6AD5CD66CB3866ECF7FD38B90D0A247C936E33BBFD40D4697F86;;;;;;;;
547;2026-09-07T22:43:19.1295538+02:00;admin;Login.Correcto;Login;Administración;OK;{"Area":"Administraci\u00F3n","Usuario":"admin"};;D66919252EBA6AD5CD66CB3866ECF7FD38B90D0A247C936E33BBFD40D4697F86;B0520DD2D7963EC844DD66774DCD4447ECD0FC03762E0B8E29330FD6664216F0;;;;;;;;
548;2026-09-07T22:44:29.7042399+02:00;admin;Sesion.Cerrar;Sesión;admin;OK;{"Usuario":"admin","Area":"Administraci\u00F3n"};;B0520DD2D7963EC844DD66774DCD4447ECD0FC03762E0B8E29330FD6664216F0;852DA1580B57E2EC630BED2552B58BA10ED1FB15C39B9E842C295DCAB3C13607;;;;;;;;
549;2026-09-07T22:45:07.3530007+02:00;admin;Login.Correcto;Login;Administración;OK;{"Area":"Administraci\u00F3n","Usuario":"admin"};;852DA1580B57E2EC630BED2552B58BA10ED1FB15C39B9E842C295DCAB3C13607;A92CFBBDF89C0798365927444318F2161CCD65FA01DBD2AE4958C582F398D626;;;;;;;;
550;2026-09-07T23:11:55.1163886+02:00;admin;Login.Correcto;Login;Administración;OK;{"Area":"Administraci\u00F3n","Usuario":"admin"};;A92CFBBDF89C0798365927444318F2161CCD65FA01DBD2AE4958C582F398D626;879605EED52B2703D1D4E8DF7A95D431805D0A7628766180FDE71FEB413B44FF;;;;;;;;
551;2026-09-07T23:16:51.6136996+02:00;admin;Sesion.Cerrar;Sesión;admin;OK;{"Usuario":"admin","Area":"Administraci\u00F3n"};;879605EED52B2703D1D4E8DF7A95D431805D0A7628766180FDE71FEB413B44FF;5A6A1089F8176BA6E418A2CC65718F683CA25E97059EE3BA7B39E8A357E81AD4;;;;;;;;
552;2026-09-07T23:19:29.6612865+02:00;admin;Login.Correcto;Login;Administración;OK;{"Area":"Administraci\u00F3n","Usuario":"admin"};;5A6A1089F8176BA6E418A2CC65718F683CA25E97059EE3BA7B39E8A357E81AD4;DC42ED33EE0321991E6BDB1EBAC1473084BD82120F63BC946398829473403E48;;;;;;;;
553;2026-09-08T00:25:50.9445730+02:00;admin;Login.Correcto;Login;Administración;OK;{"Area":"Administraci\u00F3n","Usuario":"admin"};;DC42ED33EE0321991E6BDB1EBAC1473084BD82120F63BC946398829473403E48;C7ECF6E5C227960AB8FA93839718FD76E16BD5632C33D20D6C8330247BAC3ED9;;;;;;;;
554;2026-09-08T00:30:45.8987725+02:00;admin;Sesion.Cerrar;Sesión;admin;OK;{"Usuario":"admin","Area":"Administraci\u00F3n"};;C7ECF6E5C227960AB8FA93839718FD76E16BD5632C33D20D6C8330247BAC3ED9;81D75C80104D838E6CBC6D5B88EEFC2EA8976F826B6C6CBE4FDB92EE565462B1;;;;;;;;
555;2026-09-08T00:31:36.4026486+02:00;admin;Login.Correcto;Login;Administración;OK;{"Area":"Administraci\u00F3n","Usuario":"admin"};;81D75C80104D838E6CBC6D5B88EEFC2EA8976F826B6C6CBE4FDB92EE565462B1;F1121377B9610E3200F7E49D3955D9FF90293C705F750BE99B5E2221368EA4E3;;;;;;;;
556;2026-09-08T00:32:59.1898721+02:00;admin;Sesion.Cerrar;Sesión;admin;OK;{"Usuario":"admin","Area":"Administraci\u00F3n"};;F1121377B9610E3200F7E49D3955D9FF90293C705F750BE99B5E2221368EA4E3;C180111A93A866732E7832921059255AB586D9517D66D1749AF1D2A5DD73390E;;;;;;;;
557;2026-09-08T17:56:42.0555222+02:00;admin;Login.Correcto;Login;Administración;OK;{"Area":"Administraci\u00F3n","Usuario":"admin"};;C180111A93A866732E7832921059255AB586D9517D66D1749AF1D2A5DD73390E;962923BCE17A5449456288A0AC52248A51A4414AB57DB5E1B29BC2AA30D399CC;;;;;;;;
558;2026-09-08T18:00:29.0557123+02:00;admin;Sesion.Cerrar;Sesión;admin;OK;{"Usuario":"admin","Area":"Administraci\u00F3n"};;962923BCE17A5449456288A0AC52248A51A4414AB57DB5E1B29BC2AA30D399CC;EB8D5E30D70292A590CBDFF5EE1211C14D5434006EFECE3FFE9CCADF9D2EBD15;;;;;;;;
559;2026-09-08T18:03:08.7606151+02:00;admin;Login.Correcto;Login;Administración;OK;{"Area":"Administraci\u00F3n","Usuario":"admin"};;EB8D5E30D70292A590CBDFF5EE1211C14D5434006EFECE3FFE9CCADF9D2EBD15;17E708DDAD6E48490F42B3AA5B975D1163C8B918B625F3F116F5D4F425DAE215;;;;;;;;
560;2026-09-08T18:07:16.1882829+02:00;admin;Sesion.Cerrar;Sesión;admin;OK;{"Usuario":"admin","Area":"Administraci\u00F3n"};;17E708DDAD6E48490F42B3AA5B975D1163C8B918B625F3F116F5D4F425DAE215;2E54DE88DD256DCD015F99E6F060FC5EC2235D4A14E87E9DA7E32070EBD11B16;;;;;;;;
561;2026-09-08T18:07:25.5445231+02:00;admin;Login.Correcto;Login;Administración;OK;{"Area":"Administraci\u00F3n","Usuario":"admin"};;2E54DE88DD256DCD015F99E6F060FC5EC2235D4A14E87E9DA7E32070EBD11B16;9EADF96470B66BD948E505C865F181BFED73AB64D621C74FC4F83DC19E2A2806;;;;;;;;
562;2026-09-08T18:07:51.3239098+02:00;admin;Login.Correcto;Login;Administración;OK;{"Area":"Administraci\u00F3n","Usuario":"admin"};;9EADF96470B66BD948E505C865F181BFED73AB64D621C74FC4F83DC19E2A2806;C7DA397A576F2E48158743FDA5C72A42070A96B852D8C994DC89CFF0673EA391;;;;;;;;
563;2026-09-08T18:11:29.3454947+02:00;admin;Sesion.Cerrar;Sesión;admin;OK;{"Usuario":"admin","Area":"Administraci\u00F3n"};;C7DA397A576F2E48158743FDA5C72A42070A96B852D8C994DC89CFF0673EA391;9A7B9AF851C5A44D4069D53043DDFFCB285C85C9717E34D56E76079182457AE7;;;;;;;;
564;2026-09-08T18:13:10.3914896+02:00;admin;Login.Correcto;Login;Administración;OK;{"Area":"Administraci\u00F3n","Usuario":"admin"};;9A7B9AF851C5A44D4069D53043DDFFCB285C85C9717E34D56E76079182457AE7;21E3AB193E9671DD757A9BDE89D4B32B01253EB2590C3172F35DD0E929D7A227;;;;;;;;
565;2026-09-08T18:15:04.6997496+02:00;admin;Sesion.Cerrar;Sesión;admin;OK;{"Usuario":"admin","Area":"Administraci\u00F3n"};;21E3AB193E9671DD757A9BDE89D4B32B01253EB2590C3172F35DD0E929D7A227;0E3035D3CB979AA688AEFE335BD2196A2D59DE1DA98B517BF6A0CDC92E5A83FF;;;;;;;;
566;2026-09-08T18:15:56.6639192+02:00;admin;Login.Correcto;Login;Administración;OK;{"Area":"Administraci\u00F3n","Usuario":"admin"};;0E3035D3CB979AA688AEFE335BD2196A2D59DE1DA98B517BF6A0CDC92E5A83FF;855541EBA4008B3397D958E10BE60C773E44449A6DB78861EA72D70CBC869E71;;;;;;;;
567;2026-09-08T18:20:31.7502380+02:00;admin;Sesion.Cerrar;Sesión;admin;OK;{"Usuario":"admin","Area":"Administraci\u00F3n"};;855541EBA4008B3397D958E10BE60C773E44449A6DB78861EA72D70CBC869E71;0E61567B9435CE655F1E1C2037A63790530C8C85A8648097DE27D0989AC30CB3;;;;;;;;
568;2026-09-08T18:20:53.5238899+02:00;admin;Login.Correcto;Login;Administración;OK;{"Area":"Administraci\u00F3n","Usuario":"admin"};;0E61567B9435CE655F1E1C2037A63790530C8C85A8648097DE27D0989AC30CB3;C1E5D1F1D2247DBE625818F232218851D4BA3BEBA0066E0E254C81D48C446063;;;;;;;;
569;2026-09-08T18:31:26.7776915+02:00;admin;Sesion.Cerrar;Sesión;admin;OK;{"Usuario":"admin","Area":"Administraci\u00F3n"};;C1E5D1F1D2247DBE625818F232218851D4BA3BEBA0066E0E254C81D48C446063;0FB8EC9EC44B837B318A2928F4A5D76031F4FA4E24129B67FDFAA9DF19B0A8A3;;;;;;;;
570;2026-09-08T18:32:07.9265285+02:00;admin;Login.Correcto;Login;Administración;OK;{"Area":"Administraci\u00F3n","Usuario":"admin"};;0FB8EC9EC44B837B318A2928F4A5D76031F4FA4E24129B67FDFAA9DF19B0A8A3;59F2757B9E50B55A5FC98A514F06E252BEA8D607B4C0C9E8DA1071ABE9B684C4;;;;;;;;
572;2026-09-08T18:38:44.3902311+02:00;admin;Login.Correcto;Login;Administración;OK;{"Area":"Administraci\u00F3n","Usuario":"admin"};;08B9A110DE007F0D690EBBDECA63F6A547EA975045780F0B0318F8FE04EC92B0;CD9E49A6F5642498867DE066435A492C524CBA6082D6688A36FE84E7199C1FDF;;;;;;;;
576;2026-09-08T20:07:58.9505547+02:00;admin;Login.Correcto;Login;Administración;OK;{"Area":"Administraci\u00F3n","Usuario":"admin"};;46D47E5B1D10F5C8987CA2D6CBC57961CCFA958550D8A7F0A4957FC3A76301AC;3981DB782B0F29B1982C6E541E061430259DF7A03411EEEE40553D5B36E6FEE2;;;;;;;;
577;2026-09-08T20:09:00.2279321+02:00;admin;Sesion.Cerrar;Sesión;admin;OK;{"Usuario":"admin","Area":"Administraci\u00F3n"};;3981DB782B0F29B1982C6E541E061430259DF7A03411EEEE40553D5B36E6FEE2;A965086A2507DBB54C9A6CB0CA5526A3F0C5AAAA0CFEBE1BDF1A7A076D419146;;;;;;;;
578;2026-09-08T20:12:24.7684691+02:00;admin;Login.Correcto;Login;Administración;OK;{"Area":"Administraci\u00F3n","Usuario":"admin"};;A965086A2507DBB54C9A6CB0CA5526A3F0C5AAAA0CFEBE1BDF1A7A076D419146;19DC08C4B33496D47D38C7E243224F50068E84522908E7989FA8398762A6B6F6;;;;;;;;
579;2026-09-08T20:14:39.1143723+02:00;admin;Sesion.Cerrar;Sesión;admin;OK;{"Usuario":"admin","Area":"Administraci\u00F3n"};;19DC08C4B33496D47D38C7E243224F50068E84522908E7989FA8398762A6B6F6;C99A9FDFB661E14AF36EBC66F0308BAB224F4E588EDC0CA4F1167FCEF5C3328F;;;;;;;;
580;2026-09-08T20:15:14.1936406+02:00;admin;Login.Correcto;Login;Administración;OK;{"Area":"Administraci\u00F3n","Usuario":"admin"};;C99A9FDFB661E14AF36EBC66F0308BAB224F4E588EDC0CA4F1167FCEF5C3328F;7D6EAE225DF8B3FF11710C13CD33539CB62B4AF68915A3BB20D29F53FE68C444;;;;;;;;
581;2026-09-08T20:17:22.3367883+02:00;admin;Sesion.Cerrar;Sesión;admin;OK;{"Usuario":"admin","Area":"Administraci\u00F3n"};;7D6EAE225DF8B3FF11710C13CD33539CB62B4AF68915A3BB20D29F53FE68C444;42DC9FE7E989E516E0F7F96614964358E7A26F061DD9DD4FEAE2B09ABE89FEE2;;;;;;;;
582;2026-09-08T20:19:20.5653815+02:00;admin;Login.Correcto;Login;Administración;OK;{"Area":"Administraci\u00F3n","Usuario":"admin"};;42DC9FE7E989E516E0F7F96614964358E7A26F061DD9DD4FEAE2B09ABE89FEE2;2FE8A814D2556AB8DAE2F6FD1765BEA821DC688BAF5261219B97661F383F5616;;;;;;;;
583;2026-09-08T20:22:57.7174583+02:00;admin;Sesion.Cerrar;Sesión;admin;OK;{"Usuario":"admin","Area":"Administraci\u00F3n"};;2FE8A814D2556AB8DAE2F6FD1765BEA821DC688BAF5261219B97661F383F5616;3985D8CF947AFEB006FAA5E0829D090EEB11A976FB3C30B71851FED66CB0AC30;;;;;;;;
584;2026-09-08T20:24:28.8959589+02:00;admin;Login.Correcto;Login;Administración;OK;{"Area":"Administraci\u00F3n","Usuario":"admin"};;3985D8CF947AFEB006FAA5E0829D090EEB11A976FB3C30B71851FED66CB0AC30;FC182CB3E6116F2B6F4AF47EBFEC4EC1031C92DC719CDB39944AE48614622DF5;;;;;;;;
586;2026-09-08T20:33:06.1234880+02:00;admin;Login.Correcto;Login;Administración;OK;{"Area":"Administraci\u00F3n","Usuario":"admin"};;A4722338EF465CD06CD1EFE9A28AEABAFD41F5AD59FDBC2B78D2BCC68E021952;220183886AB40E0EE875B91585648D0EB366CEF767D21CF3EEE58B6FCE799A96;;;;;;;;
